CREATE DATABASE `22` CHARACTER SET utf8mb4 COLLATE utf8mb4_unicode_ci;
USE `22`;

CREATE TABLE NHANVIEN (
    id int NOT NULL primary key auto_increment,
    hoten varchar(100) not null,
    sodienthoai varchar(15) not null,
    diachi varchar(200) not null,
    email varchar(100) not null,
    matkhau varchar(32) not null,
    anh varchar(100),
    capdo int(1) not null
);

ALTER TABLE NHANVIEN
ADD CONSTRAINT UC_NHANVIEN_email UNIQUE (email);

CREATE TABLE KHACHHANG(
    id int NOT NULL primary key auto_increment,
    hoten varchar(100) not null,
    sodienthoai varchar(15) not null,
    diachi varchar(200) not null,
    ngaysinh date DEFAULT NULL,
    gioitinh int DEFAULT NULL,
    email varchar(100) not null,
    matkhau varchar(32) not null,
    anh varchar(200),
    token varchar(100) not null
);

CREATE TABLE HOADON(
    id int not null primary key auto_increment,
    id_khachhang int not null,
    id_nhanvien int null,
    diachinhan varchar(200) not null,
    hotennhan varchar(100) not null,
    sodienthoainhan varchar(15) not null,
    thoigiandat date not null,
    tongtien bigint not null,
    trangthaidon int(1) not null,
    constraint fk_hoadon_kh foreign key (id_khachhang) references KHACHHANG(id),
    constraint fk_hoadon_nv foreign key (id_nhanvien) references NHANVIEN(id)
);
-- dùng unixtime

CREATE TABLE THELOAI(
    id int not null primary key auto_increment,
    ten varchar(100) not null
);

CREATE TABLE NHASANXUAT(
    id int not null primary key auto_increment,
    ten varchar(100) not null
);

CREATE TABLE NHOMCAUHINH(
    id int not null primary key auto_increment,
    ten varchar(100) not null
);

CREATE TABLE CAUHINH(
    id int not null primary key auto_increment,
    id_nhomcauhinh int DEFAULT NULL,
    ten varchar(100) not null,
    constraint fk_cauhinh_nch foreign key (id_nhomcauhinh) references NHOMCAUHINH(id)
);

CREATE TABLE CAUHINHCHITIET(
    id_sanpham int not null,
    id_cauhinh int not null,
    giatri int,
    primary key (id_sanpham, id_cauhinh),
    constraint fk_cauhinhchitiet_sp foreign key (id_sanpham) references SANPHAM(id),
    constraint fk_cauhinhchitiet_ch foreign key (id_cauhinh) references CAUHINH(id)
);

CREATE TABLE SANPHAM(
    id int not null primary key auto_increment,
    ten varchar(100) not null,
    mota text not null,
    anh varchar(200),
    gia int(15),
    soluong int NOT NULL DEFAULT 0,
    daban int NOT NULL DEFAULT 0,
    xuatxu varchar(100),
    ngayramat date DEFAULT NULL,
    id_nhasanxuat int not null,
    id_theloai int not null,
    constraint fk_sanpham_nsx foreign key (id_nhasanxuat) references NHASANXUAT(id),
    constraint fk_sanpham_tl foreign key (id_theloai) references THELOAI(id)
);

CREATE TABLE HOADONCHITIET(
    id_hoadon int not null,
    id_sanpham int not null,
    soluong int,
    primary key (id_hoadon, id_sanpham),
    constraint fk_hoadonchitiet_hd foreign key (id_hoadon) references HOADON(id),
    constraint fk_hoadonchitiet_sp foreign key (id_sanpham) references SANPHAM(id)
);

CREATE TABLE DANHGIA(
    id int not null primary key auto_increment,
    id_khachhang int not null,
    id_hoadon int not null,
    id_sanpham int not null,
    hoten varchar(100) default 'Ẩn Danh',
    nhanxet varchar(250) default null,
    chatluong int(1) default null,
    thoigian date default null,
    constraint fk_danhgia_kh foreign key (id_khachhang) references KHACHHANG(id),
    constraint fk_danhgia_hd foreign key (id_hoadon) references HOADON(id),
    constraint fk_danhgia_sp foreign key (id_sanpham) references SANPHAM(id)
);
-- dùng timeunix



--
-- Đang đổ dữ liệu cho bảng `KHACHHANG`
--

INSERT INTO `KHACHHANG` (`id`, `hoten`, `sodienthoai`, `diachi`, `email`, `matkhau`, `anh`, `token`) VALUES
(2, 'Nguyễn Văn C', '0394628481', 'Hai Bà Trưng, Hà Nội', 'user@user.com', 'User1234', 'http://localhost/PHP_WEB/project_web_1/user/profile/uploads/images/avatar/2.jpg', '6f9741aedfcd820f1650ced6d99c1fd8'),
(3, 'Nguyễn Văn D', '0123838132', '', 'user2@user.com', 'User1234', 'http://localhost/PHP_WEB/project_web_1/user/signing/assets/image/avatar_default.png', 'd5d8b4123039e73d6ea02264c7461261');

--
-- Đang đổ dữ liệu cho bảng `NHANVIEN`
--

INSERT INTO `NHANVIEN` (`id`, `hoten`, `sodienthoai`, `diachi`, `email`, `matkhau`, `anh`, `capdo`) VALUES
(1, 'Nguyễn Văn A', '0123456789', 'Hai Bà Trừng, Hà Nội', 'admin@admin.com', 'e64b78fc3bc91bcbc7dc232ba8ec59e0', 'https://phunugioi.com/wp-content/uploads/2019/10/anh-avatar-chat-cho-nu.jpg', 0),
(2, 'Nguyễn Văn B', '0912364812', 'Cầu Giấy, Hà Nội', 'staff@staff.com', 'b99165cd2609bbb891390120ed2df1cb', 'https://freenice.net/wp-content/uploads/2021/08/Anh-avatar-dep-doc-chat-ngau-lam-hinh-dai-dien.jpg', 1);

--
-- Đang đổ dữ liệu cho bảng `NHASANXUAT`
--

INSERT INTO `NHASANXUAT` (`id`, `ten`) VALUES
(1, 'Apple'),
(3, 'Samsung'),
(4, 'Xiaomi'),
(7, 'Lenovo'),
(8, 'Hp'),
(9, 'Asus'),
(13, 'Acer');

--
-- Đang đổ dữ liệu cho bảng `CAUHINH`
--

INSERT INTO `CAUHINH` (`id`, `ten`) VALUES
(1, 'Kích thước màn hình'),
(2, 'Loại màn hình'),
(3, 'Độ phân giải'),
(4, 'Tần số quét'),
(5, 'Độ sáng'),
(6, 'Tấm nền'),
(7, 'Công nghệ màn hình'),
(8, 'Độ phủ màu'),
(10, 'Dung lượng RAM'),
(11, 'Loại RAM'),
(12, 'Tốc độ RAM'),
(13, 'Số khe cắm rời'),
(14, 'Số khe RAM còn lại'),
(15, 'Số RAM onboard'),
(16, 'Hỗ trợ RAM tối đa');

--
-- Đang đổ dữ liệu cho bảng `THELOAI`
--

INSERT INTO `THELOAI` (`id`, `ten`) VALUES
(1, 'PC'),
(2, 'Tablet'),
(3, 'Điện Thoại'),
(4, 'Linh kiện máy tính'),
(5, 'Laptop'),
(6, 'Phụ kiện'),
(7, 'Đồ gia dụng'),
(8, 'Thiết bị chơi game'),
(9, 'Thiết bị văn phòng');

--
-- Đang đổ dữ liệu cho bảng `SANPHAM`
--

INSERT INTO `SANPHAM` (`id`, `ten`, `mota`, `anh`, `gia`, `id_nhasanxuat`, `id_theloai`) VALUES
(1, 'Tai nghe Samsung Galaxy Buds2', 'Đặc điểm nổi bật\r\nVới thiết kế sành điệu 3 tone màu và chất âm chuẩn studio, Samsung Galaxy Buds 2 cho thấy mình là chiếc tai nghe True Wireless toàn diện nhất thị trường hiện nay khi sở hữu loạt công nghệ hiện đại như loa hai chiều AKG, chống ồn chủ động ANC, nhận diện giọng nói VPU và kết nối không dây Bluetooth 5.2 mượt mà.\r\nChất âm đạt độ cân bằng hoàn hảo\r\nNhờ hệ thống loa 2 chiều xuất sắc, tai nghe Galaxy Buds 2 thể hiện chất âm đạt độ cân bằng hoàn hảo cả về âm trầm cũng như âm bổng. Lợi thế này giúp sản phẩm dễ dàng tái hiện không gian âm nhạc với những giai điệu từ sâu lắng đến mượt mà, cho trải nghiệm phong phú như bạn đang trực tiếp hiện diện tại một rạp hát.\r\nĐàm thoại trọn vẹn hơn với công nghệ khử ồn\r\nViệc đàm thoại khi đang đeo tai nghe sẽ trở nên rõ ràng hơn bao giờ hết nhờ công nghệ lọc tạp âm mà Galaxy Buds 2 sở hữu. Với 2 micro ngoài và 1 micro trong, kết hợp cùng Cảm biến nhận diện giọng nói (VPU), sản phẩm sẽ tự động bắt chính xác tiếng nói của bạn để truyền tải trọn vẹn tới người nghe. Cách thiết kế housing tròn trịa còn giúp giảm tiếp xúc với gió, tránh gây ra tiếng ồn khi bạn gọi điện ngoài trời.\r\nLọc tới 98% tiếng ồn quanh bạn\r\nBí quyết của công nghệ chống ồn chủ động ANC mà Samsung Galaxy Buds 2 sở hữu nằm ở việc ngăn ngừa âm thanh môi trường theo thời gian thực thông qua 2 micro được bố trí bên ngoài. Khả năng lọc đến 98% tiếng ồn xung quanh giúp chiếc tai nghe này đảm bảo trải nghiệm âm nhạc của bạn sẽ không bị ảnh hưởng bởi các tạp âm. Thỏa sức hòa mình vào thế giới thanh âm của riêng bạn ở bất cứ nơi nào.\r\nTinh chỉnh mức độ ANC linh hoạt\r\nĐể tiện cho việc đàm thoại trong lúc đang kích hoạt chống ồn chủ động, Samsung Galaxy Buds 2 hỗ trợ bạn tinh chỉnh mức độ ANC theo ba ngưỡng là Cao, Trung Bình và Thấp. Bạn có thể căn cứ theo tình hình tùy từng lúc để điều chỉnh sao cho cân bằng giữa nhu cầu nghe nhạc và đối thoại với những người xung quanh.\r\n6 bộ chỉnh âm tùy theo gu âm nhạc của từng người\r\nGalaxy Buds 2 đem đến cho bạn sáu cài đặt bộ chỉnh âm khác biệt. Nhờ vậy, chủ nhân của chiếc tai nghe sẽ dễ dàng lựa chọn chế độ cài đặt theo gu nghe nhạc và thể loại nhạc yêu thích theo từng thời điểm hoặc tâm trạng. Dù bạn là fan của EDM hay là người thường đắm chìm trong nhạc không lời, Galaxy Buds 2 cũng dễ dàng chiều lòng và giúp bạn có được trải nghiệm hài lòng nhất.', 'https://fptshop.com.vn/Uploads/images/2015/Tin-Tuc/BaoPK/MakeupPlus/Tai-nghe-samsung-galaxy-buds2-a.JPG', 2990000, 3, 6),
(2, 'iPhone 13 Pro Max 128GB', 'Đánh giá chi tiết iPhone 13 Pro Max\r\niPhone 13 Pro Max xứng đáng là một chiếc iPhone lớn nhất, mạnh mẽ nhất và có thời lượng pin dài nhất từ trước đến nay sẽ cho bạn trải nghiệm tuyệt vời, từ những tác vụ bình thường cho đến các ứng dụng chuyên nghiệp.\r\nĐắm chìm trong không gian màn hình lớn cực đã\r\nDù là giải trí khi xem phim, chơi game hay kiểm tra email, đọc tài liệu thì màn hình lớn tới 6,7 inch của iPhone 13 Pro Max cũng luôn cho trải nghiệm tuyệt vời nhất.\r\n\r\nKhông chỉ lớn, đây còn là màn hình chất lượng hàng đầu thế giới smartphone với tấm nền OLED tuyệt đẹp, công nghệ Super Retina XDR siêu nét và độ sáng tối đa đạt mức khó tin, lên tới 1200 nits cho nội dung HDR. Trước mắt bạn là một không gian giải trí mãn nhãn, một thiết bị di động lý tưởng để giải quyết nhanh công việc với màn hình thực sự xuất sắc.\r\nBước nhảy vọt về thời lượng pin\r\nDòng iPhone Pro Max luôn được người dùng yêu thích nhờ thời lượng pin siêu dài, tuy nhiên iPhone 13 Pro Max còn làm được nhiều hơn thế. Dung lượng pin lớn hơn, màn hình mới và bộ vi xử lý Apple A15 Bionic tiết kiệm điện hơn giúp iPhone 13 Pro Max trở thành chiếc iPhone có thời lượng pin tốt nhất từ trước đến nay.\r\n\r\nSo với iPhone 12 Pro Max, iPhone 13 Pro Max có thời gian sử dụng dài hơn 2,5 giờ. Bạn sẽ cảm nhận rõ sự khác biệt khi sử dụng thực tế, thời lượng pin iPhone 13 Pro Max thậm chí còn có thể kéo dài đến ngày thứ 3 với nhu cầu sử dụng thông thường.\r\n\r\nSang trọng, lịch lãm và quý phái\r\niPhone 13 Pro Max có kiểu dáng sang trọng, thời thượng và sự tinh xảo đến từng đường nét. Phần khung máy cứng cáp làm từ thép không gỉ nằm giữa hai mặt kính cao cấp, trong đó phần kính bảo vệ màn hình có chất liệu gốm siêu cứng, iPhone 13 Pro Max vừa tuyệt đẹp, lại vừa vô cùng bền bỉ.\r\n\r\nHơn nữa, điện thoại còn có khả năng chống nước chuẩn IP68, cho phép bạn sử dụng mà không sợ các nguy cơ như đổ nước hay gặp trời mưa. Sẽ có 4 lựa chọn màu sắc dành cho iPhone 13 Pro Max là Xám, Vàng, Trắng và Xanh Sierra, tất cả các màu đều có khí chất riêng biệt, đẳng cấp.\r\nSức mạnh của hệ thống camera Pro mới\r\nCả 3 camera trên iPhone 13 Pro Max đều sử dụng cảm biến mới với chất lượng ống kính hàng đầu hiện nay. Nổi bật nhất là camera chính có khẩu độ lên tới f/1.5, kích thước điểm ảnh 1.9um, những con số khó tin đối với một chiếc điện thoại di động, cho hình ảnh và video thiếu sáng tốt hơn bao giờ hết.\r\n\r\nCamera góc siêu rộng cũng được nâng cấp với khẩu độ f/1.8, cảm biến nhanh hơn, mang tới những bức ảnh góc siêu rộng tự nhiên và chân thực. Cuối cùng là camera Tele hỗ trợ zoom quang học 3x. Đặc biệt, hệ thống chống rung quang học kép có mặt trên cả camera chính và camera Tele.', 'https://images.fpt.shop/unsafe/fit-in/585x390/filters:quality(90):fill(white)/fptshop.com.vn/Uploads/Originals/2021/9/15/637673217826201634_iphone-13-pro-max-xanh-1.jpg', 32490000, 1, 3),
(3, 'Samsung Galaxy Note 20 Ultra ', 'Đặc điểm nổi bật của Samsung Galaxy Note 20 Ultra\r\nChiếc Galaxy Note màn hình lớn nhất, bút S Pen thông minh nhất và những tính năng mạnh mẽ nhất đã xuất hiện. Samsung Galaxy Note 20 Ultra sẽ định nghĩa lại smartphone, thay đổi những trải nghiệm của bạn theo cách thú vị hơn bao giờ hết.\r\nKiệt tác công nghệ với màu sắc huyền bí\r\nSamsung Galaxy Note 20 Ultra được chế tác từ những vật liệu cao cấp hàng đầu hiện nay, với sự tỉ mỉ và chất lượng gia công thượng thừa, tạo nên chiếc điện thoại đẹp hơn những gì bạn có thể tưởng tượng. Không chỉ có kiểu dáng thanh lịch, màn hình không viền Infinity-O quyến rũ, Galaxy Note20 Ultra còn thể hiện sự cao cấp ở từng chi tiết nhỏ như các phần viền cạnh sáng bóng, họa tiết phay xước độc đáo trên khung máy, mang đến niềm cảm hứng cho người dùng ở mọi góc cạnh.\r\nBên cạnh phần thân kim loại, chất liệu chính làm nên Note 20 Ultra là kính cường lực Corning Gorilla Glass Victus, có khả năng chịu lực tốt nhất thế giới smartphone hiện nay. Màu sắc cũng là điều bạn sẽ yêu thích trên Note 20 Ultra khi điện thoại có 3 lựa chọn màu là Trắng huyền bí, Đen huyền bí và màu đặc biệt Đồng huyền bí chỉ có trên Galaxy Note 20 series.\r\n\r\nHiển thị tuyệt đẹp, mượt mà đến khó tin\r\nNote 20 Ultra chắc chắn là mẫu smartphone có màn hình đẹp bậc nhất thế giới hiện nay. Trước mắt bạn là một màn hình cực lớn 6,9 inch tràn cạnh Infinity-O, độ phân giải QHD+ siêu nét, hỗ trợ HDR10+ và công nghệ màn hình Dynamic AMOLED 2X. Mọi thứ đều hiển thị lớn, sống động, đẹp rực rỡ và độ chi tiết hoàn hảo. Không chỉ đẹp, màn hình này còn có độ mượt mà vượt trội với tần số quét 120Hz, cho những thao tác vuốt chạm của bạn phản hồi ngay lập tức, đưa hiệu quả công việc và giải trí lên tối đa.\r\nBút S Pen cải tiến mạnh mẽ trên Note 20 Ultra\r\nBạn sẽ được trải nghiệm cây bút cảm ứng cho nét bút tự nhiên, chân thực và mượt mà nhất từ trước đến nay với S Pen mới trên Galaxy Note 20 Ultra. Nhờ độ nhạy vượt trội và màn hình tần số quét 120Hz, thao tác ghi chú của S Pen gần như không có độ trễ, mọi thứ giống như bạn ghi chép trên giấy. Luôn sẵn sàng ghi chú và ghi chú ở bất cứ đâu, từ màn hình khóa cho đến ảnh chụp, S Pen mang đến cho bạn cuộc sống tiện lợi và dễ dàng hơn.\r\nGhi chú đồng bộ và liền mạch\r\nVới ứng dụng Samsung Notes trên cả điện thoại, máy tính bảng và máy tính, những ghi chú của bạn có thể được đồng bộ, chỉnh sửa dễ dàng trên mọi thiết bị. Ghi chú nhanh chóng trên điện thoại, sau đó xem và chỉnh sửa ở máy tính bảng hoặc máy tính để có màn hình lớn cùng nhiều công cụ hơn, Galaxy Note 20 Ultra giúp mọi thứ liền mạch, hoàn hảo hơn bao giờ hết.\r\nKhám phá sức mạnh hàng đầu\r\nLà thiết bị cao cấp nhất thế giới smartphone hiện tại, không có gì ngạc nhiên khi Samsung Galaxy Note 20 Ultra mang trên mình cấu hình đáng kinh ngạc. Bạn sẽ có bộ vi xử lý Exynos 990 sản xuất trên tiến trình 7nm+ tiên tiến nhất hiện nay; 8GB RAM và 256GB bộ nhớ trong cho sức mạnh tương đương máy tính để bàn. Samsung còn trang bị hệ thống làm mát nâng cao để luôn đảm bảo hiệu năng tốt nhất cho thiết bị. Kết hợp thêm màn hình 120Hz siêu mượt, Note 20 Ultra sẽ phát huy hết sức mạnh từ những tác vụ sử dụng thường ngày cho đến những tựa game đồ họa nặng.\r\nTuyệt tác camera 108MP của Note 20 Ultra\r\nĐộ sắc nét của những bức ảnh trên Samsung Galaxy Note 20 Ultra đã vượt xa mọi giới hạn với camera chính độ phân giải lên tới 108MP hỗ trợ chống rung quang học OIS. Ngoài ra Note 20 Ultra còn có camera 12MP Tele OIS, camera 12MP góc siêu rộng và cảm biến lấy nét Laser. Kết quả là bạn sẽ có những bức ảnh sắc nét, chân thực như những gì mắt người chứng kiến. Ấn tượng hơn nữa, tính năng siêu zoom cho phép phóng to ảnh tới 50 lần, đưa cảnh vật từ rất xa đến ngay trước mắt bạn một cách đầy kỳ diệu.', 'https://images.fpt.shop/unsafe/fit-in/585x390/filters:quality(90):fill(white)/fptshop.com.vn/Uploads/Originals/2020/8/5/637322686294422878_ss-note-20-ultra-den-1.png', 19990000, 3, 3),
(4, 'Máy tính để bàn HP Pavilion TP01-1003d i3 10105/4GB/256GB SSD/DVDRW/Intel UHD/WL+BT', 'HP Pavilion TP01-1003d là chiếc máy tính để bàn có cấu hình mạnh mẽ được bán ở mức giá rất tốt. Máy tính để bàn từ thương hiệu HP bền bỉ, thiết kế sang trọng, đi cùng rất nhiều cổng kết nối tiện lợi và cả ổ DVD-RW, cho bạn học tập làm việc hiệu quả.\r\nĐiểm nhấn trong không gian làm việc của bạn\r\nNhững case máy tính đồng bộ đời mới đã không còn thiết kế nhàm chán như trước đây nữa. HP Pavilion TP01-1003d có thiết kế thanh lịch, phù hợp với không gian làm việc hiện đại nhờ lớp vỏ màu bạc bóng bẩy, kiểu dáng gọn nhẹ cứng cáp. Logo HP bóng loáng chính là điểm nhấn, trong khi đó các cổng kết nối đều được đặt ở mặt trước cho bạn thao tác và bố trí kết nối thuận tiện hơn.\r\nHiệu năng mạnh mẽ cho mọi công việc\r\nHP Pavilion TP01-1003d trang bị bộ vi xử lý Intel Core i3 10105, con chip thuộc thế hệ thứ 10 Comet Lake dành cho máy tính để bàn. Sức mạnh của bộ vi xử lý này vô cùng đáng nể với 4 nhân 8 luồng, tốc độ 3.70 – 4.40 GHz, thậm chí còn mạnh hơn nhiều chip Core i5 hay Core i7 thế hệ trước. Bạn có thể làm việc thoải mái với các ứng dụng văn phòng, hay cả những công việc nặng hơn như đồ họa, video, chơi game trên HP Pavilion TP01-1003d.\r\nĐa nhiệm và lưu trữ xuất sắc\r\nVới 4GB RAM DDR4 2666MHz, HP Pavilion TP01-1003d cho khả năng đa nhiệm khá ổn. Bạn có thể chạy nhiều ứng dụng hay duyệt web nhiều tab mà máy vẫn chạy mượt. Bên cạnh đó là 256GB PCIe NVMe M.2 SSD siêu tốc, cho tốc độ khởi động máy chỉ trong chớp mắt, mở ứng dụng cực nhanh mà không cần phải chờ đợi. Tất nhiên cả RAM hay ổ cứng SSD bạn đều có thể nâng cấp dễ dàng nếu có nhiều nhu cầu hơn trong quá trình sử dụng.\r\nTặng kèm chuột và bàn phím tiện lợi\r\nMáy tính để bàn HP Pavilion TP01-1003d đi kèm một bộ bàn phím và chuột HP màu đen thời trang có chất lượng tốt để bạn sử dụng lâu dài. Việc của bạn là chỉ cần thêm một màn hình để sử dụng máy tính ngay lập tức.\r\nKết nối mặt trước thông minh\r\nNgay ở mặt trước máy, HP Pavilion TP01-1003d đã bố trí tất cả những cổng kết nối mà bạn cần bao gồm Jack tai nghe/mic combo; 4 cổng USB Type-A 3.1; cổng USB Type-C 3.1; khe đọc thẻ đa năng SD 3-in-1. Đặc biệt, máy còn có cổng DVD-Writer, cho khả năng đọc các loại đĩa CD, phù hợp với nhiều công việc đặc thù như giáo dục, lập trình. Bạn có thể kết nối với nhiều thiết bị ngoại vi cùng lúc trên HP Pavilion TP01-1003d.', 'https://images.fpt.shop/unsafe/fit-in/585x390/filters:quality(90):fill(white)/fptshop.com.vn/Uploads/Originals/2021/10/8/637692932746570248_hp-pavilion-tp01-1001d-bac-combo.jpg', 11999000, 8, 1),
(5, 'Laptop HP 15s du1105TU i3 10110U/4GB/256GB/15.6\"HD/Win 11', 'Đặc điểm nổi bật của Laptop HP 15s du1105TU i3 10110U\r\nHP 15s du1105TU là lựa chọn laptop phù hợp cho học tập, công việc khi sở hữu màn hình lớn, cấu hình tốt trong tầm giá với bộ vi xử lý Intel thế hệ thứ 10, ổ cứng SSD, đồng thời cài đặt sẵn hệ điều hành Windows bản quyền.\r\nCấu hình tốt cho học tập, công việc văn phòng\r\nHP 15s du1105TU có hiệu năng đủ tốt cho nhu cầu học tập, làm việc online, công việc văn phòng nhờ trang bị bộ vi xử lý Intel Core i3 10110U mạnh mẽ. Con chip này thuộc thế hệ Intel thứ 11 Comet Lake, với 2 nhân 4 luồng, tốc độ tối đa 4.10GHz, chạy tốt các ứng dụng cơ bản. Bên cạnh đó bạn còn có 4GB RAM DDR4 và 256GB SSD, cho tốc độ khởi động máy, mở ứng dụng cực nhanh, đa nhiệm mượt mà.\r\nPhục vụ hiệu quả nhu cầu học tập, làm việc online\r\nHP 15s fq2602TU mang trên mình webcam HD True Vision, micro kép và loa Stereo, những tính năng lý tưởng cho học tập hay tham gia các cuộc họp trực tuyến, vốn đang là xu thế hiện nay. HP 15s fq2602TU đem tới cho bạn những buổi học, cuộc họp chất lượng với âm thanh rõ ràng, hình ảnh sắc nét, để mọi thứ trở nên hiệu quả hơn.\r\nLuôn đồng hành cùng bạn\r\nHP 15s du1105TU gây bất ngờ với thiết kế mỏng và nhẹ, dù đây là chiếc laptop có màn hình lớn 15,6 inch. Viền màn hình siêu mỏng chỉ 6,5mm giúp kích thước tổng thể của HP 15s gọn gàng hơn rất nhiều, chỉ tương đương những mẫu laptop 14 inch thông thường, cho tỉ lệ màn hình chiếm tới 81% diện tích thân máy. Bên cạnh đó, HP 15s du1105TU có trọng lượng chỉ 1,74kg và độ mỏng 1,99cm, rất mỏng nhẹ, tiện lợi để bạn mang đi bất cứ đâu. Chiếc laptop của chúng ta cũng được thiết kế tuyệt đẹp với màu bạc thanh lịch, những đường nét tinh tế cao cấp, tạo nên một sản phẩm thời trang.\r\nThời lượng pin lên tới 10 tiếng\r\nVừa phục vụ công việc lại vừa đảm bảo tính di động, vì thế thời lượng pin là yếu tố rất được chú trọng trên HP 15s du1105TU. Bạn sẽ có thể sử dụng trong khoảng 10 tiếng liên tục mà không cần đến nguồn sạc. Nhờ vậy, những cuộc họp quan trọng hay việc sử dụng laptop trong một chuyến bay dài đều sẽ được đáp ứng một cách hiệu quả.\r\nĐủ cổng kết nối bạn cần\r\nDù có thân máy rất mỏng, nhưng trên HP 15s-du1105TU vẫn đầy đủ những kết nối tiên tiến nhất hiện nay. Chúng ta có 2 cổng USB 3.1 Gen 1; cổng mạng LAN; HDMI; jack tai nghe 3.5mm và đặc biệt là cổng USB Type-C 3.1 Gen 1, cho tốc độ truyền dữ liệu nhanh vượt trội.\r\nCập nhật lên Windows 11\r\nNâng cao hiệu quả làm việc của bạn với hệ điều hành Windows 10 bản quyền được cài sẵn trên HP 15s du1105TU. Với Windows 10, bạn sẽ có một giao diện hiện đại hơn, chạy ổn định và nhiều tính năng hơn. Đặc biệt, bạn có thể nâng cấp lên Windows 11 miễn phí, là một trong những người đầu tiên được trải nghiệm hệ điều hành mới nhất từ Microsoft.\r\n\r\n', 'https://fptshop.com.vn/Uploads/images/2015/Tin-Tuc/QuanLNH2/hp-15s-du-7.jpg', 18499000, 8, 5),
(6, 'Laptop Acer Nitro Gaming AN515-57-71VV i7 11800H/8GB/512GB SSD/Nvidia RTX3050 4GB/Win11', 'Đánh giá chi tiết Acer Nitro Gaming AN515-57-71VV/i7-11800H\r\nBạn cần một chiếc laptop gaming có CPU xuất sắc, không chỉ chơi game tốt mà còn đáp ứng hoàn hảo các công việc, ngoài ra hiệu suất đồ họa cũng không kém phần ấn tượng với dòng card rời RTX 30 series mới nhất, Acer Nitro Gaming AN515-57-71VV chính là sự lựa chọn hoàn hảo trong tầm giá.\r\nSức mạnh đỉnh cao ở mọi tác vụ\r\nAcer Nitro 5 AN515 57 71VV trang bị bộ vi xử lý mạnh bậc nhất thế giới laptop hiện nay. Con chip Intel Core i7 11800H là mẫu CPU đầu bảng và mới nhất của thế hệ thứ 11, sở hữu tới 8 nhân 16 luồng siêu khủng, tốc độ tối đa 4.60GHz, bộ nhớ đệm lên tới 24MB, cho sức mạnh hoàn hảo trong mọi tác vụ. Bộ vi xử lý cực mạnh giúp Nitro 5 AN515 57 không chỉ chơi game tốt mà còn có thể chạy mượt những ứng dụng công việc nặng hay render video nhanh chóng. Bạn có thể làm mọi việc một cách hiệu quả cao nhất trên chiếc laptop gaming của mình.\r\nTrải nghiệm những công nghệ mới nhất từ kiến trúc Ampere\r\nNitro Gaming AN515 57 71VV mang trên mình dòng card đồ họa RTX 30 series mới nhất. Đây là dòng GPU cho hiệu suất hoàn hảo, kể cả hoạt động chơi game lẫn đồ họa sáng tạo. GPU NVIDIA GeForce RTX 3050 sử dụng kiến trúc Ampere mới nhất, với các lõi Ray Tracing mới, lõi Tensor và các bộ đa xử lý phát trực tuyến, mang đến bước nhảy vọt về hiệu năng, hình ảnh chân thực đáng kinh ngạc. Bạn có thể chơi tốt hầu hết mọi game ở thiết lập Full HD, từ những game eSports cho đến các game bom tấn AAA.\r\nTản nhiệt CoolBoost tiên tiến\r\nAcer Nitro 5 AN515 57 sử dụng hệ thống tản nhiệt mới với 2 quạt và công nghệ Acer CoolBoost giúp tăng 10% tốc độ quạt, cho hiệu quả cao hơn và giảm nhiệt độ CPU lẫn GPU xuống 9%. Khả năng lưu thông khí cũng tốt hơn 25% nhờ 4 khe hút gió thoát nhiệt thông minh. Khả năng tản nhiệt tốt giúp bạn có thể yên tâm chơi game, làm việc ổn định trong thời gian dài. Những thông số về nhiệt độ và tính năng điều chỉnh tốc độ quạt có thể thực hiện dễ dàng qua phần mềm Nitro Sense.\r\nTùy chỉnh hiệu năng chỉ sau một phím bấm\r\nBạn sẽ hoàn toàn làm chủ những điều mình muốn trên Acer Nitro 5 AN515. Tất cả đều sẵn sàng sau phím bấm duy nhất kích hoạt Nitro Sense, đây là phần mềm độc quyền có thể điều chỉnh chế độ quạt, hiệu chỉnh màu bàn phím RGB và những tinh chỉnh hữu ích khác.\r\nMàn hình gaming viền mỏng 144Hz\r\nKhông chỉ cấu hình, màn hình với tần số quét lên đến 144Hz cũng là một “vũ khí” lợi hại khác của Acer Nitro 5 AN515 57. Với màn hình này, bạn sẽ thấy rõ từng chuyển động của kẻ thù, không bỏ qua bất cứ khoảnh khắc nào trong những tựa game fps diễn biến nhanh. Chất lượng hiển thị cũng hết sức tuyệt vời nhờ tấm nền 15,6 inch Full HD IPS, cho bạn những giờ phút giải trí hấp dẫn. Viền màn hình giờ đây đã được thu hẹp chỉ còn 7.02mm, tăng tỉ lệ màn hình trên thân máy 80%, mang đến hình ảnh sống động như thật.\r\nSống trong thế giới gaming với âm thanh 3D chân thực\r\nCho những trận chiến thêm phần hấp dẫn nhờ hệ thống âm thanh chuẩn laptop gaming. Phần mềm âm thanh DTS: X Ultra tái tạo âm thanh 3D và 6 chế độ tùy chỉnh âm thanh trong phần mềm Acer True Harmony sẽ giúp cho âm thanh sống động, diễn biến chính xác tùy thuộc vào thể loại game bạn chơi.\r\nBàn phím RGB 4 vùng tuyệt đẹp\r\nChơi game thêm phần hiệu quả và phấn khích nhờ hệ thống đèn LED RGB 4 vùng trên Acer Nitro 5. Bàn phím tuyệt đẹp, phản hồi nhạy bén, tối ưu cho game thủ và các thiết lập màu sắc, hiệu ứng hấp dẫn giúp cho những tựa game của bạn thêm phần thú vị. Đồng thời ngay cả khi giải trí bằng các tác vụ như nghe nhạc hay xem phim, bàn phím RGB cũng tạo thêm nhịp điệu cho riêng bạn.\r\nTốc độ mạng siêu nhanh\r\nKết nối mạng chưa bao giờ nhanh đến thế với Nitro 5. Chuẩn Wi-Fi 6 mới nhất và kết nối mạng dây Killer Ethernet E2600 giúp đường truyền Internet luôn ổn định, để bạn yên tâm tập trung vào cuộc chiến ở những tựa game online. Laptop cũng có đầy đủ những cổng kết nối khác như 3 cổng USB 3.2 Type-A, 1 cổng USB Type-C, 1 cổng HDMI và cổng tai nghe 3.5mm.', 'https://fptshop.com.vn/Uploads/images/2015/Tin-Tuc/QuanLNH2/acer-nitro-5-2021-fpt-6.jpg', 27599000, 13, 5),
(7, 'Xiaomi 11T 8GB - 128GB ', 'Đánh giá chi tiết Xiaomi 11T 8GB - 128GB\r\nXiaomi 11T sẽ biến mỗi khoảnh khắc thường ngày của bạn thành những thước phim điện ảnh sống động với trải nghiệm camera 108MP đỉnh cao. Hơn nữa, Xiaomi 11T còn là một cỗ máy đầy tốc độ dưới vẻ ngoài của kiệt tác thời trang.\r\n\r\nXiaomi 11T chính hãng\r\n\r\nNhiếp ảnh chuyên nghiệp với camera 108MP\r\nXiaomi 11T sở hữu phần cứng camera đáng kinh ngạc với camera chính độ phân giải lên tới 108MP, công nghệ siêu điểm ảnh 9 trong 1 mang tới điểm ảnh cực lớn 2.1um. Nhờ vậy, máy có khả năng thu sáng xuất sắc, hình ảnh rõ nét đến từng chi tiết dù là chụp ngày hay đêm. Chế độ chụp đêm 2.0 được áp dụng cho cả camera góc siêu rộng, mang đến những bức ảnh khung hình rộng tuyệt vời trong điều kiện thiếu sáng. Cuối cùng là camera Telemacro với tiêu điểm tự động 3-7cm sẽ cùng bạn khám phá những kỳ quan ở thế giới vi mô siêu nhỏ đầy thú vị.\r\n\r\ncamera Xiaomi 11T\r\n\r\nLưu giữ những khoảnh khắc đáng yêu của bạn\r\nCamera selfie trên Xiaomi 11T có độ phân giải cao 16MP, hỗ trợ tính năng selfie đêm, selfie chân dung xóa phông và cả điện thoại quay slow motion selfie chuyển động siêu chậm, sẽ lưu giữ lại những khoảnh khắc đáng nhớ của bạn. Tự tin gọi video, chụp ảnh “tự sướng”, livestream, quay video trên camera trước, bạn sẽ luôn xuất hiện đầy rạng rỡ.\r\n\r\ncamera trước Xiaomi 11T\r\n\r\nMa thuật từ những đoạn phim\r\nHệ thống camera chuyên nghiệp kết hợp cùng thuật toán AI nâng cao mang đến rất nhiều hiệu ứng khi quay video trên Xiaomi 11T, cho bạn thỏa sức sáng tạo, biến những đoạn video đời thường trở nên chất lượng như những thước phim điện ảnh. Chỉ cần một chạm để chuyển đổi các tính năng AI thông minh, phóng to hình ảnh cũng đồng nghĩa với phóng to âm thanh chủ thể đang được lấy nét, quay video trên điện thoại chưa bao giờ chuyên nghiệp đến thế.\r\n\r\nquay video Xiaomi 11T\r\n\r\nHiệu suất mạnh mẽ hàng đầu với bộ xử lý 5G mới\r\nXiaomi 11T được trang bị vi xử lý MediaTek Dimensity 1200-Ultra, chipset 5G mới nhất và mạnh mẽ nhất từ MediaTek, hỗ trợ tới 2 SIM 5G, cho tốc độ mạng 5G siêu nhanh. CPU này còn có hiệu năng vượt trội và cải thiện về hiệu quả năng lượng với tốc độ CPU tối đa lên tới 3.0GHz, nhanh hơn 22%, đồng thời tiết kiệm điện hơn 25%. Sức mạnh của chiếc Xiaomi này giúp bạn hoàn toàn yên tâm, từ các ứng dụng thông thường cho đến những tựa game nặng, máy cũng luôn đáp ứng hết sức mượt mà.\r\n\r\ncấu hình Xiaomi 11T\r\n\r\nTốc độ sạc nhanh đột phá\r\nThời lượng pin không bao giờ là vấn đề trên Xiaomi 11T, với dung lượng pin 5000mAh và điện thoại sạc nhanh với công suất lên tới 67W, điện thoại luôn tràn đầy năng lượng. Công nghệ điện cực dương làm từ nano silicon oxide thế hệ thứ 2 giúp hiệu quả sử dụng pin và sạc tốt hơn, giảm nhiệt độ khi sạc. Đồng thời thiết kế hai dòng sạc giúp tăng dòng điện đầu vào, kết hợp công nghệ MTW làm giảm đáng kể điện trở và hiện tượng quá nhiệt. Kết quả là bạn chỉ mất 36 phút để sạc hoàn toàn từ 0 lên 100% pin với Xiaomi 11T, một con số đáng kinh ngạc. Nếu có công việc gấp, chỉ cần 10 phút sạc để sử dụng điện thoại suốt cả ngày.\r\n\r\nsạc nhanh Xiaomi 11T\r\n\r\nTrải nghiệm giải trí tuyệt đỉnh trên màn hình 120Hz\r\nXiaomi 11T là cả một thế giới giải trí hàng đầu ngay trên tay bạn. Điện thoại màn hình lớn với màn hình 6,67 inch công nghệ AMOLED cao cấp có tới hơn 1 tỉ màu, độ tương phản 5.000.000:1, hỗ trợ tông màu chuẩn DCI-P3, HDR10+, hiển thị hình ảnh đẹp hoàn hảo. Hơn nữa, màn hình này còn có tốc độ làm tươi 120Hz công nghệ tự động điều chỉnh AdaptiveSync, giúp thao tác mượt mà đáng kinh ngạc. Trải nghiệm âm thanh cũng vô cùng xuất sắc với hệ thống loa kép âm thanh vòm chuẩn Dolby Atmos, cho bạn không gian giải trí thực thụ như đang ngồi trong nhà hát.\r\n\r\nmàn hình Xiaomi 11T\r\n\r\nBền bỉ và trang nhã\r\nXiaomi 11T được thiết kế theo phong cách thanh lịch và trang nhã. Từ cụm camera, logo Xiaomi cho đến cách hoàn thiện phần khung viền và mặt lưng đều được làm đẹp tinh tế, cuốn hút. Phiên bản màu Xám thiên thạch có mặt lưng dạng kim loại đánh bóng lịch lãm, trong khi đó hai phiên bản Xanh thiên hà và Trắng ánh trăng phủ một lớp chống lóa huyền ảo. Không chỉ đẹp, Xiaomi 11T còn rất bền bỉ khi được bảo vệ bằng kính cường lực Corning Gorilla Glass Victus cứng nhất hiện nay, có thể chịu lực khi rơi từ độ cao 2m và khả năng chống trầy xước vượt trội.\r\n\r\nthiết kế Xiaomi 11T', 'https://fptshop.com.vn/Uploads/images/2015/Tin-Tuc/QuanLNH2/xiaomi-11t-7.jpg', 9990000, 4, 3),
(8, 'Xiaomi Redmi Note 10S 8GB-128GB', 'Đánh giá chi tiết Xiaomi Redmi Note 10S 8GB-128GB\r\nCùng Xiaomi Redmi Note 10S nắm giữ mọi khoảnh khắc với bộ tứ camera 64MP chuyên nghiệp, trải nghiệm màn hình AMOLED tuyệt đẹp và hiệu năng vốn đã thành thương hiệu của dòng Redmi. Hãy bắt đầu cuộc phiêu lưu của bạn theo cách hứng khởi nhất.\r\n\r\nXiaomi Redmi Note 10S\r\n\r\nNắm giữ khoảnh khắc, lưu lại kỷ niệm\r\nBộ tứ camera trên Redmi Note 10S luôn sẵn sàng cùng bạn ghi lại những khoảnh khắc đáng nhớ nhất. Thật dễ dàng để chụp ảnh đẹp trong mọi hoàn cảnh với sự đa năng của 4 camera. Nổi bật nhất tất nhiên là camera chính 64MP, chụp ảnh sắc nét tới từng chi tiết; tiếp đến là camera góc siêu rộng 8MP, camera đo độ sâu 2MP và camera macro 2MP. Bạn sẽ không bỏ qua bất cứ điều gì thú vị trong cuộc sống khi đồng hành cùng Xiaomi Redmi Note 10S.\r\n\r\ncamera Xiaomi Redmi Note 10S\r\n\r\nChụp đêm ảo diệu\r\nDưới bóng đêm mờ ảo, những ánh đèn lung linh và nhiều cảnh đẹp khác sẽ hiện ra. Redmi Note 10S có thể bắt trọn vẻ đẹp ấy với khả năng chụp đêm xuất sắc. Cảm biến độ phân giải cao 64MP, khẩu độ lớn f/1.79 và hỗ trợ chụp đêm camera AI thông minh giúp ánh sáng được đẩy lên ở mức tự nhiên, màu sắc chính xác, giảm thiểu độ nhiễu đồng thời không giảm chi tiết của ảnh chụp. Bạn hoàn toàn có thể tự tin tỏa sáng trong màn đêm với chiếc Xiaomi này.\r\n\r\nchụp đêm Xiaomi Redmi Note 10S\r\n\r\nThế giới giải trí tuyệt mỹ trên màn hình AMOLED sống động\r\nTận hưởng những giây phút giải trí tuyệt vời trên chiếc điện thoại màn hình lớn 6.43 inch AMOLED, nơi các nội dung hiển thị với màu sắc ấn tượng nhất. Dải màu rộng DCI-P3 cho màu sắc chính xác và chân thực, độ tương phản cao lên tới 4.500.000:1 mang đến những hình ảnh đẹp mãn nhãn. Màn hình này cũng được chế tác viền mỏng với camera trước nằm ở vị trí gọn gàng, tạo tính thẩm mỹ cao, đồng thời nâng tầm trải nghiệm xem.\r\n\r\nmàn hình Xiaomi Redmi Note 10S\r\n\r\nBảo vệ đôi mắt của bạn\r\nXiaomi Redmi Note 10S tích hợp rất nhiều tính năng để bảo vệ mắt của bạn trong suốt quá trình sử dụng điện thoại. Cảm biến ánh sáng 360 độ cực nhạy, giúp điện thoại nhanh chóng thay đổi độ sáng màn hình theo môi trường; chế độ đọc 3.0 mô phỏng các máy đọc sách hàng đầu, dành cho những người thích đọc sách trên điện thoại; bộ lọc ánh sáng xanh thông minh giúp dịu mắt hơn khi sử dụng điện thoại lâu dài. Tất cả đều hướng tới đôi mắt khỏe mạnh cho người dùng.\r\n\r\nbảo vệ mắt Xiaomi Redmi Note 10S\r\n\r\nLoa ngoài Hi-Res Audio chất lượng cao\r\nĐể mang đến những âm thanh lớn hơn và dải âm rộng hơn, Xiaomi Redmi Note 10S sử dụng hệ thống loa kép chất lượng cao Hi-Res Audio. Bạn sẽ được trực tiếp tận hưởng âm thanh lớn và sống động khi chơi game, xem phim mà không cần phải sử dụng tai nghe.\r\n\r\nloa ngoài Xiaomi Redmi Note 10S\r\n\r\nTăng cường hiệu suất\r\nTrang bị bộ vi xử lý Helio G95 với 8 nhân tốc độ cao 2.05GHz, Redmi Note 10S đủ sức mạnh để bạn trải nghiệm mọi ứng dụng. Hiệu suất chơi game cũng được tăng cường nhờ GPU thế hệ mới. Hơn nữa, Note 10S còn mang trên mình một động cơ rung tuyến tính đặc biệt, mang đến các phản hồi chân thực cho game thủ khi chơi game.\r\n\r\ncấu hình Xiaomi Redmi Note 10S\r\n\r\nTinh tế và cao cấp\r\nRedmi Note 10S là chiếc điện thoại sẽ khiến bạn yêu ngay từ cái nhìn đầu tiên nhờ những đường bo tròn tinh tế, cụm camera chế tác hiện đại và mặt lưng bóng bẩy sang trọng. Phần điện thoại có cảm biến vân tay được đặt ở cạnh bên tiện lợi, giúp người dùng thao tác mở khóa trong chớp mắt. Cảm giác cầm nắm thoải mái, nhẹ nhàng khi sử dụng và vẻ ngoài hấp dẫn giúp máy nhanh chóng chiếm được cảm tình từ phía người dùng.\r\n\r\nthiết kế Xiaomi Redmi Note 10S\r\n\r\nCông nghệ sạc nhanh 33W\r\nLà chiếc smartphone pin trâu mang trên mình viên pin dung lượng cao 5000mAh, Redmi Note 10S tự tin cung cấp cho bạn đủ năng lượng suốt cả ngày. Hơn nữa, với việc điện thoại hỗ trợ sạc siêu nhanh 33W, bạn chỉ mất 30 phút để sạc đầy 54% pin, luôn sẵn sàng cho mọi trải nghiệm.\r\n\r\nsạc nhanh Xiaomi Redmi Note 10S', 'https://images.fpt.shop/unsafe/fit-in/585x390/filters:quality(90):fill(white)/fptshop.com.vn/Uploads/Originals/2021/5/18/637569718504355303_xiaomi-note10s-xanh-1.jpg', 6490000, 4, 3),
(9, 'Tai nghe AirPods Pro 2021', 'Đặc điểm nổi bật\r\nAirPods Pro 2021 sẽ giúp bạn cảm nhận trọn vẹn những giá trị làm nên tên tuổi của dòng tai nghe Apple như sự tinh xảo, độ nhỏ gọn và tính đa dụng thông qua hộp sạc đặc trưng. Sản phẩm sử dụng chip H1 thông minh và tăng cường chất âm thông qua Adaptive EQ. Những cải tiến hiệu quả trong phiên bản mới giúp AirPods Pro 2021 tương thích tốt với công nghệ sạc MagSafe.\r\n\r\nTai nghe AirPods Pro 2021\r\n\r\nĐỉnh cao của thiết kế in-ear\r\nRa đời để phục vụ gu thưởng thức âm nhạc của những người đòi hỏi cao về chất âm trên một chiếc tai nghe nhỏ gọn, AirPods Pro 2021 sử dụng phong cách thiết kế in-ear với đệm silicon đi sâu vào trong ống tai nhằm truyền tải rõ ràng từng tiết tấu, đồng thời tạo hiệu ứng cách âm tốt hơn.\r\n\r\nApple đã cho thấy sự chu đáo của mình khi cung cấp ba kích cỡ nút in-ear trong hộp đựng sản phẩm. Bạn có thể sử dụng tính năng Kiểm tra độ vừa vặn trên iPhone để tìm ra bộ đệm tai thoải mái nhất với bản thân.\r\n\r\nĐỉnh cao của thiết kế AirPods Pro 2021\r\n\r\nNhỏ nhắn, tinh tế và đẳng cấp\r\nAirPods Pro 2021 xây dựng kiểu theo phong cách đặc trưng của dòng AirPods với phần thân tai nghe không dây được thiết kế xuôi xuống khi đeo. Phiên bản 2021 của sản phẩm ghi nhận trọng lượng chỉ 5.4 gram cho mỗi bên tai nghe và 45.6 gram cho hộp sạc đi kèm.\r\n\r\nCầm sản phẩm trên tay, bạn sẽ cảm nhận rõ ràng sự tinh xảo, cao cấp đầy tính thẩm mỹ của mẫu tai nghe True-Wireless này. AirPods Pro ghi nhận chuẩn chống nước IPX4. Do đó, mồ hôi khi tập luyện hoặc những sự cố bất ngờ về nước sẽ chẳng thể làm ảnh hưởng đến độ bền bỉ của thiết bị.\r\n\r\nAirPods Pro 2021 Nhỏ nhắn, tinh tế và đẳng cấp\r\n\r\nTương thích với công nghệ sạc MagSafe\r\nVới cải tiến trên thế hệ mới, hộp sạc của chiếc AirPods Pro 2021 bạn đang theo dõi sẽ tương thích với các chuẩn sạc không dây trên thị trường, bao gồm cả sạc MagSafe, từ đó gia tăng tính tiện lợi và giúp bạn trải nghiệm trọn vẹn hơn sự tiện lợi của hệ sinh thái các sản phẩm Apple.\r\n\r\nSản phẩm ghi nhận tổng thời lượng pin tối đa 24 tiếng khi kết hợp cùng hộp sạc, mỗi bên tai có thể tích trữ đủ pin cho 4.5 giờ trải nghiệm liên. Khi pin yếu, AirPods Pro 2021 sẽ tự gửi thông báo đến iPhone hoặc thiết bị đang kết nối. Lúc này, bạn chỉ cần sạc 5 phút là sẽ có đủ pin cho 1 giờ nghe nhạc.\r\n\r\nAirPods Pro 2021 Tương thích với công nghệ sạc MagSafe\r\n\r\nTrải nghiệm âm thanh chuẩn Adaptive EQ\r\nBí quyết tăng cường chất âm của tai nghe AirPods Pro 2021 nằm ở công nghệ Adaptive EQ – hỗ trợ hiệu chỉnh âm thanh tự động dựa theo vòm tai và thể loại nhạc bạn nghe để đem tới chất âm tròn trịa và trọn vẹn nhất.\r\n\r\nMột micro hướng vào trong vòm tai sẽ tự động đo đạc tần số âm thanh, sau đó đưa ra những thay đổi hiệu quả nhằm đem lại trải nghiệm nghe nhạc ấn tượng. Chip H1 độc quyền của Apple sẽ đóng vai trò quan trọng trong quá trình hoạt động của Adaptive EQ, tạo nên sự khác biệt lớn về cảm nhận so với các dòng tai nghe True-Wireless trên thị trường.\r\n\r\nTrải nghiệm âm thanh AirPods Pro 2021 chuẩn Adaptive EQ\r\n\r\nChống ồn chủ động loại bỏ mọi tạp âm\r\nNgoài cơ chế ngăn chặn tạp âm thông qua các đệm tai silicon, AirPods Pro 2021 còn sử dụng công nghệ Chống Ồn Chủ Động (ANC) để ngăn không cho âm thanh từ môi trường lọt vào trong khoang tai, làm ảnh hưởng đến chất lượng đàm thoại hoặc chất âm khi đeo phụ kiện này.\r\n\r\nChìa khóa trong cơ chế chống ồn ANC của AirPods Pro 2021 nằm ở micro bố trí hướng ra ngoài, sẽ chủ động phát hiện những âm thanh nhiễu loạn từ môi trường và lập tức xử lý để đưa ra phương án triệt tiêu các tiếng ồn này trước khi ảnh hưởng tới người nghe. Việc quét tạp âm để khử ồn sẽ diễn ra liên tục ở tần suất 200 lần mỗi giây. Bạn hãy an tâm rằng trải nghiệm nghe nhạc với AirPods Pro 2021 sẽ luôn luôn trọn vẹn.\r\n\r\nChế độ xuyên âm AirPods Pro 2021\r\n\r\nChế độ xuyên âm để trò chuyện thoải mái\r\nSự góp mặt của Chế Độ Xuyên Âm sẽ giúp chủ nhân của AirPods Pro 2021 dễ dàng lắng nghe và nói chuyện với những người xung quanh mà không bị cản trở bởi chống ồn chủ động. Khi được kích hoạt, Chế Độ Xuyên Âm sẽ thông qua micro bên ngoài để truyền tải âm thanh vào trong khoang tai chỉ với một lần chạm nhẹ lên thân tai nghe. Nhờ đó, bạn sẽ không cảm thấy chút bất tiện nào.\r\n\r\nChống ồn chủ động AirPods Pro 2021\r\n\r\nTương thích tuyệt đối với sản phẩm Apple\r\nAirPods Pro 2021 ghi nhận sự tương thích tuyệt đối với các sản phẩm Apple như iPhone, iPad, máy Mac hay Apple Watch. Cơ chế điều chuyển thông minh của sản phẩm sẽ tự thay đổi thiết bị kết nối nhằm đem lại trải nghiệm sử dụng tiện lợi nhất.\r\n\r\nTrường hợp bạn đang kết nối sản phẩm với MacBook để nghe nhạc nhưng lại có cuộc gọi đến trên iPhone, AirPods Pro 2021 sẽ tự chuyển kết nối sang iPhone để bạn nhận cuộc gọi và nói chuyện thoải mái.\r\n\r\nAirPods Pro 2021 Tương thích tuyệt đối với sản phẩm Apple\r\n\r\nChạm nhẹ nhàng để điều khiển\r\nTai nghe AirPods Pro 2021 được trang bị bộ cảm ứng lực Force Touch trên thân thiết bị, phần này được làm lõm nhẹ và sẽ nhận lệnh từ người dùng thông qua bộ thao tác cử chỉ đơn giản gồm:\r\n\r\nChạm 1 lần: Dừng/phát nhạc hoặc nhận cuộc gọi đến trên thiết bị kết nối.\r\nChạm 2 lần: Chuyển tới bài hát kế tiếp.\r\nChạm 3 lần: Trở lại bài hát vừa phát.\r\nChạm và giữ: Gọi trợ lý ảo Siri.\r\nChạm nhẹ nhàng để điều khiển AirPods Pro 2021', 'https://fptshop.com.vn/Uploads/images/2015/Tin-Tuc/AnhNQ/23/tai-nghe-airpods-pro-2021-7.jpg', 4999000, 1, 6),
(10, 'Xiaomi 11T 8GB - 128GB ', 'Đánh giá chi tiết Xiaomi 11T 8GB - 128GB\r\nXiaomi 11T sẽ biến mỗi khoảnh khắc thường ngày của bạn thành những thước phim điện ảnh sống động với trải nghiệm camera 108MP đỉnh cao. Hơn nữa, Xiaomi 11T còn là một cỗ máy đầy tốc độ dưới vẻ ngoài của kiệt tác thời trang.\r\n\r\nXiaomi 11T chính hãng\r\n\r\nNhiếp ảnh chuyên nghiệp với camera 108MP\r\nXiaomi 11T sở hữu phần cứng camera đáng kinh ngạc với camera chính độ phân giải lên tới 108MP, công nghệ siêu điểm ảnh 9 trong 1 mang tới điểm ảnh cực lớn 2.1um. Nhờ vậy, máy có khả năng thu sáng xuất sắc, hình ảnh rõ nét đến từng chi tiết dù là chụp ngày hay đêm. Chế độ chụp đêm 2.0 được áp dụng cho cả camera góc siêu rộng, mang đến những bức ảnh khung hình rộng tuyệt vời trong điều kiện thiếu sáng. Cuối cùng là camera Telemacro với tiêu điểm tự động 3-7cm sẽ cùng bạn khám phá những kỳ quan ở thế giới vi mô siêu nhỏ đầy thú vị.\r\n\r\ncamera Xiaomi 11T\r\n\r\nLưu giữ những khoảnh khắc đáng yêu của bạn\r\nCamera selfie trên Xiaomi 11T có độ phân giải cao 16MP, hỗ trợ tính năng selfie đêm, selfie chân dung xóa phông và cả điện thoại quay slow motion selfie chuyển động siêu chậm, sẽ lưu giữ lại những khoảnh khắc đáng nhớ của bạn. Tự tin gọi video, chụp ảnh “tự sướng”, livestream, quay video trên camera trước, bạn sẽ luôn xuất hiện đầy rạng rỡ.\r\n\r\ncamera trước Xiaomi 11T\r\n\r\nMa thuật từ những đoạn phim\r\nHệ thống camera chuyên nghiệp kết hợp cùng thuật toán AI nâng cao mang đến rất nhiều hiệu ứng khi quay video trên Xiaomi 11T, cho bạn thỏa sức sáng tạo, biến những đoạn video đời thường trở nên chất lượng như những thước phim điện ảnh. Chỉ cần một chạm để chuyển đổi các tính năng AI thông minh, phóng to hình ảnh cũng đồng nghĩa với phóng to âm thanh chủ thể đang được lấy nét, quay video trên điện thoại chưa bao giờ chuyên nghiệp đến thế.\r\n\r\nquay video Xiaomi 11T\r\n\r\nHiệu suất mạnh mẽ hàng đầu với bộ xử lý 5G mới\r\nXiaomi 11T được trang bị vi xử lý MediaTek Dimensity 1200-Ultra, chipset 5G mới nhất và mạnh mẽ nhất từ MediaTek, hỗ trợ tới 2 SIM 5G, cho tốc độ mạng 5G siêu nhanh. CPU này còn có hiệu năng vượt trội và cải thiện về hiệu quả năng lượng với tốc độ CPU tối đa lên tới 3.0GHz, nhanh hơn 22%, đồng thời tiết kiệm điện hơn 25%. Sức mạnh của chiếc Xiaomi này giúp bạn hoàn toàn yên tâm, từ các ứng dụng thông thường cho đến những tựa game nặng, máy cũng luôn đáp ứng hết sức mượt mà.\r\n\r\ncấu hình Xiaomi 11T\r\n\r\nTốc độ sạc nhanh đột phá\r\nThời lượng pin không bao giờ là vấn đề trên Xiaomi 11T, với dung lượng pin 5000mAh và điện thoại sạc nhanh với công suất lên tới 67W, điện thoại luôn tràn đầy năng lượng. Công nghệ điện cực dương làm từ nano silicon oxide thế hệ thứ 2 giúp hiệu quả sử dụng pin và sạc tốt hơn, giảm nhiệt độ khi sạc. Đồng thời thiết kế hai dòng sạc giúp tăng dòng điện đầu vào, kết hợp công nghệ MTW làm giảm đáng kể điện trở và hiện tượng quá nhiệt. Kết quả là bạn chỉ mất 36 phút để sạc hoàn toàn từ 0 lên 100% pin với Xiaomi 11T, một con số đáng kinh ngạc. Nếu có công việc gấp, chỉ cần 10 phút sạc để sử dụng điện thoại suốt cả ngày.\r\n\r\nsạc nhanh Xiaomi 11T\r\n\r\nTrải nghiệm giải trí tuyệt đỉnh trên màn hình 120Hz\r\nXiaomi 11T là cả một thế giới giải trí hàng đầu ngay trên tay bạn. Điện thoại màn hình lớn với màn hình 6,67 inch công nghệ AMOLED cao cấp có tới hơn 1 tỉ màu, độ tương phản 5.000.000:1, hỗ trợ tông màu chuẩn DCI-P3, HDR10+, hiển thị hình ảnh đẹp hoàn hảo. Hơn nữa, màn hình này còn có tốc độ làm tươi 120Hz công nghệ tự động điều chỉnh AdaptiveSync, giúp thao tác mượt mà đáng kinh ngạc. Trải nghiệm âm thanh cũng vô cùng xuất sắc với hệ thống loa kép âm thanh vòm chuẩn Dolby Atmos, cho bạn không gian giải trí thực thụ như đang ngồi trong nhà hát.\r\n\r\nmàn hình Xiaomi 11T\r\n\r\nBền bỉ và trang nhã\r\nXiaomi 11T được thiết kế theo phong cách thanh lịch và trang nhã. Từ cụm camera, logo Xiaomi cho đến cách hoàn thiện phần khung viền và mặt lưng đều được làm đẹp tinh tế, cuốn hút. Phiên bản màu Xám thiên thạch có mặt lưng dạng kim loại đánh bóng lịch lãm, trong khi đó hai phiên bản Xanh thiên hà và Trắng ánh trăng phủ một lớp chống lóa huyền ảo. Không chỉ đẹp, Xiaomi 11T còn rất bền bỉ khi được bảo vệ bằng kính cường lực Corning Gorilla Glass Victus cứng nhất hiện nay, có thể chịu lực khi rơi từ độ cao 2m và khả năng chống trầy xước vượt trội.\r\n\r\nthiết kế Xiaomi 11T', 'https://fptshop.com.vn/Uploads/images/2015/Tin-Tuc/QuanLNH2/xiaomi-11t-7.jpg', 9990000, 4, 3),
(11, 'Xiaomi 11T 8GB - 128GB ', 'Đánh giá chi tiết Xiaomi 11T 8GB - 128GB\r\nXiaomi 11T sẽ biến mỗi khoảnh khắc thường ngày của bạn thành những thước phim điện ảnh sống động với trải nghiệm camera 108MP đỉnh cao. Hơn nữa, Xiaomi 11T còn là một cỗ máy đầy tốc độ dưới vẻ ngoài của kiệt tác thời trang.\r\n\r\nXiaomi 11T chính hãng\r\n\r\nNhiếp ảnh chuyên nghiệp với camera 108MP\r\nXiaomi 11T sở hữu phần cứng camera đáng kinh ngạc với camera chính độ phân giải lên tới 108MP, công nghệ siêu điểm ảnh 9 trong 1 mang tới điểm ảnh cực lớn 2.1um. Nhờ vậy, máy có khả năng thu sáng xuất sắc, hình ảnh rõ nét đến từng chi tiết dù là chụp ngày hay đêm. Chế độ chụp đêm 2.0 được áp dụng cho cả camera góc siêu rộng, mang đến những bức ảnh khung hình rộng tuyệt vời trong điều kiện thiếu sáng. Cuối cùng là camera Telemacro với tiêu điểm tự động 3-7cm sẽ cùng bạn khám phá những kỳ quan ở thế giới vi mô siêu nhỏ đầy thú vị.\r\n\r\ncamera Xiaomi 11T\r\n\r\nLưu giữ những khoảnh khắc đáng yêu của bạn\r\nCamera selfie trên Xiaomi 11T có độ phân giải cao 16MP, hỗ trợ tính năng selfie đêm, selfie chân dung xóa phông và cả điện thoại quay slow motion selfie chuyển động siêu chậm, sẽ lưu giữ lại những khoảnh khắc đáng nhớ của bạn. Tự tin gọi video, chụp ảnh “tự sướng”, livestream, quay video trên camera trước, bạn sẽ luôn xuất hiện đầy rạng rỡ.\r\n\r\ncamera trước Xiaomi 11T\r\n\r\nMa thuật từ những đoạn phim\r\nHệ thống camera chuyên nghiệp kết hợp cùng thuật toán AI nâng cao mang đến rất nhiều hiệu ứng khi quay video trên Xiaomi 11T, cho bạn thỏa sức sáng tạo, biến những đoạn video đời thường trở nên chất lượng như những thước phim điện ảnh. Chỉ cần một chạm để chuyển đổi các tính năng AI thông minh, phóng to hình ảnh cũng đồng nghĩa với phóng to âm thanh chủ thể đang được lấy nét, quay video trên điện thoại chưa bao giờ chuyên nghiệp đến thế.\r\n\r\nquay video Xiaomi 11T\r\n\r\nHiệu suất mạnh mẽ hàng đầu với bộ xử lý 5G mới\r\nXiaomi 11T được trang bị vi xử lý MediaTek Dimensity 1200-Ultra, chipset 5G mới nhất và mạnh mẽ nhất từ MediaTek, hỗ trợ tới 2 SIM 5G, cho tốc độ mạng 5G siêu nhanh. CPU này còn có hiệu năng vượt trội và cải thiện về hiệu quả năng lượng với tốc độ CPU tối đa lên tới 3.0GHz, nhanh hơn 22%, đồng thời tiết kiệm điện hơn 25%. Sức mạnh của chiếc Xiaomi này giúp bạn hoàn toàn yên tâm, từ các ứng dụng thông thường cho đến những tựa game nặng, máy cũng luôn đáp ứng hết sức mượt mà.\r\n\r\ncấu hình Xiaomi 11T\r\n\r\nTốc độ sạc nhanh đột phá\r\nThời lượng pin không bao giờ là vấn đề trên Xiaomi 11T, với dung lượng pin 5000mAh và điện thoại sạc nhanh với công suất lên tới 67W, điện thoại luôn tràn đầy năng lượng. Công nghệ điện cực dương làm từ nano silicon oxide thế hệ thứ 2 giúp hiệu quả sử dụng pin và sạc tốt hơn, giảm nhiệt độ khi sạc. Đồng thời thiết kế hai dòng sạc giúp tăng dòng điện đầu vào, kết hợp công nghệ MTW làm giảm đáng kể điện trở và hiện tượng quá nhiệt. Kết quả là bạn chỉ mất 36 phút để sạc hoàn toàn từ 0 lên 100% pin với Xiaomi 11T, một con số đáng kinh ngạc. Nếu có công việc gấp, chỉ cần 10 phút sạc để sử dụng điện thoại suốt cả ngày.\r\n\r\nsạc nhanh Xiaomi 11T\r\n\r\nTrải nghiệm giải trí tuyệt đỉnh trên màn hình 120Hz\r\nXiaomi 11T là cả một thế giới giải trí hàng đầu ngay trên tay bạn. Điện thoại màn hình lớn với màn hình 6,67 inch công nghệ AMOLED cao cấp có tới hơn 1 tỉ màu, độ tương phản 5.000.000:1, hỗ trợ tông màu chuẩn DCI-P3, HDR10+, hiển thị hình ảnh đẹp hoàn hảo. Hơn nữa, màn hình này còn có tốc độ làm tươi 120Hz công nghệ tự động điều chỉnh AdaptiveSync, giúp thao tác mượt mà đáng kinh ngạc. Trải nghiệm âm thanh cũng vô cùng xuất sắc với hệ thống loa kép âm thanh vòm chuẩn Dolby Atmos, cho bạn không gian giải trí thực thụ như đang ngồi trong nhà hát.\r\n\r\nmàn hình Xiaomi 11T\r\n\r\nBền bỉ và trang nhã\r\nXiaomi 11T được thiết kế theo phong cách thanh lịch và trang nhã. Từ cụm camera, logo Xiaomi cho đến cách hoàn thiện phần khung viền và mặt lưng đều được làm đẹp tinh tế, cuốn hút. Phiên bản màu Xám thiên thạch có mặt lưng dạng kim loại đánh bóng lịch lãm, trong khi đó hai phiên bản Xanh thiên hà và Trắng ánh trăng phủ một lớp chống lóa huyền ảo. Không chỉ đẹp, Xiaomi 11T còn rất bền bỉ khi được bảo vệ bằng kính cường lực Corning Gorilla Glass Victus cứng nhất hiện nay, có thể chịu lực khi rơi từ độ cao 2m và khả năng chống trầy xước vượt trội.\r\n\r\nthiết kế Xiaomi 11T', 'https://fptshop.com.vn/Uploads/images/2015/Tin-Tuc/QuanLNH2/xiaomi-11t-7.jpg', 9990000, 4, 3),
(12, 'Xiaomi Redmi Note 10S 8GB-128GB', 'Đánh giá chi tiết Xiaomi Redmi Note 10S 8GB-128GB\r\nCùng Xiaomi Redmi Note 10S nắm giữ mọi khoảnh khắc với bộ tứ camera 64MP chuyên nghiệp, trải nghiệm màn hình AMOLED tuyệt đẹp và hiệu năng vốn đã thành thương hiệu của dòng Redmi. Hãy bắt đầu cuộc phiêu lưu của bạn theo cách hứng khởi nhất.\r\n\r\nXiaomi Redmi Note 10S\r\n\r\nNắm giữ khoảnh khắc, lưu lại kỷ niệm\r\nBộ tứ camera trên Redmi Note 10S luôn sẵn sàng cùng bạn ghi lại những khoảnh khắc đáng nhớ nhất. Thật dễ dàng để chụp ảnh đẹp trong mọi hoàn cảnh với sự đa năng của 4 camera. Nổi bật nhất tất nhiên là camera chính 64MP, chụp ảnh sắc nét tới từng chi tiết; tiếp đến là camera góc siêu rộng 8MP, camera đo độ sâu 2MP và camera macro 2MP. Bạn sẽ không bỏ qua bất cứ điều gì thú vị trong cuộc sống khi đồng hành cùng Xiaomi Redmi Note 10S.\r\n\r\ncamera Xiaomi Redmi Note 10S\r\n\r\nChụp đêm ảo diệu\r\nDưới bóng đêm mờ ảo, những ánh đèn lung linh và nhiều cảnh đẹp khác sẽ hiện ra. Redmi Note 10S có thể bắt trọn vẻ đẹp ấy với khả năng chụp đêm xuất sắc. Cảm biến độ phân giải cao 64MP, khẩu độ lớn f/1.79 và hỗ trợ chụp đêm camera AI thông minh giúp ánh sáng được đẩy lên ở mức tự nhiên, màu sắc chính xác, giảm thiểu độ nhiễu đồng thời không giảm chi tiết của ảnh chụp. Bạn hoàn toàn có thể tự tin tỏa sáng trong màn đêm với chiếc Xiaomi này.\r\n\r\nchụp đêm Xiaomi Redmi Note 10S\r\n\r\nThế giới giải trí tuyệt mỹ trên màn hình AMOLED sống động\r\nTận hưởng những giây phút giải trí tuyệt vời trên chiếc điện thoại màn hình lớn 6.43 inch AMOLED, nơi các nội dung hiển thị với màu sắc ấn tượng nhất. Dải màu rộng DCI-P3 cho màu sắc chính xác và chân thực, độ tương phản cao lên tới 4.500.000:1 mang đến những hình ảnh đẹp mãn nhãn. Màn hình này cũng được chế tác viền mỏng với camera trước nằm ở vị trí gọn gàng, tạo tính thẩm mỹ cao, đồng thời nâng tầm trải nghiệm xem.\r\n\r\nmàn hình Xiaomi Redmi Note 10S\r\n\r\nBảo vệ đôi mắt của bạn\r\nXiaomi Redmi Note 10S tích hợp rất nhiều tính năng để bảo vệ mắt của bạn trong suốt quá trình sử dụng điện thoại. Cảm biến ánh sáng 360 độ cực nhạy, giúp điện thoại nhanh chóng thay đổi độ sáng màn hình theo môi trường; chế độ đọc 3.0 mô phỏng các máy đọc sách hàng đầu, dành cho những người thích đọc sách trên điện thoại; bộ lọc ánh sáng xanh thông minh giúp dịu mắt hơn khi sử dụng điện thoại lâu dài. Tất cả đều hướng tới đôi mắt khỏe mạnh cho người dùng.\r\n\r\nbảo vệ mắt Xiaomi Redmi Note 10S\r\n\r\nLoa ngoài Hi-Res Audio chất lượng cao\r\nĐể mang đến những âm thanh lớn hơn và dải âm rộng hơn, Xiaomi Redmi Note 10S sử dụng hệ thống loa kép chất lượng cao Hi-Res Audio. Bạn sẽ được trực tiếp tận hưởng âm thanh lớn và sống động khi chơi game, xem phim mà không cần phải sử dụng tai nghe.\r\n\r\nloa ngoài Xiaomi Redmi Note 10S\r\n\r\nTăng cường hiệu suất\r\nTrang bị bộ vi xử lý Helio G95 với 8 nhân tốc độ cao 2.05GHz, Redmi Note 10S đủ sức mạnh để bạn trải nghiệm mọi ứng dụng. Hiệu suất chơi game cũng được tăng cường nhờ GPU thế hệ mới. Hơn nữa, Note 10S còn mang trên mình một động cơ rung tuyến tính đặc biệt, mang đến các phản hồi chân thực cho game thủ khi chơi game.\r\n\r\ncấu hình Xiaomi Redmi Note 10S\r\n\r\nTinh tế và cao cấp\r\nRedmi Note 10S là chiếc điện thoại sẽ khiến bạn yêu ngay từ cái nhìn đầu tiên nhờ những đường bo tròn tinh tế, cụm camera chế tác hiện đại và mặt lưng bóng bẩy sang trọng. Phần điện thoại có cảm biến vân tay được đặt ở cạnh bên tiện lợi, giúp người dùng thao tác mở khóa trong chớp mắt. Cảm giác cầm nắm thoải mái, nhẹ nhàng khi sử dụng và vẻ ngoài hấp dẫn giúp máy nhanh chóng chiếm được cảm tình từ phía người dùng.\r\n\r\nthiết kế Xiaomi Redmi Note 10S\r\n\r\nCông nghệ sạc nhanh 33W\r\nLà chiếc smartphone pin trâu mang trên mình viên pin dung lượng cao 5000mAh, Redmi Note 10S tự tin cung cấp cho bạn đủ năng lượng suốt cả ngày. Hơn nữa, với việc điện thoại hỗ trợ sạc siêu nhanh 33W, bạn chỉ mất 30 phút để sạc đầy 54% pin, luôn sẵn sàng cho mọi trải nghiệm.\r\n\r\nsạc nhanh Xiaomi Redmi Note 10S', 'https://images.fpt.shop/unsafe/fit-in/585x390/filters:quality(90):fill(white)/fptshop.com.vn/Uploads/Originals/2021/5/18/637569718504355303_xiaomi-note10s-xanh-1.jpg', 6490000, 4, 3);
INSERT INTO `SANPHAM` (`id`, `ten`, `mota`, `anh`, `gia`, `id_nhasanxuat`, `id_theloai`) VALUES
(13, 'Tai nghe AirPods Pro 2021', 'Đặc điểm nổi bật\r\nAirPods Pro 2021 sẽ giúp bạn cảm nhận trọn vẹn những giá trị làm nên tên tuổi của dòng tai nghe Apple như sự tinh xảo, độ nhỏ gọn và tính đa dụng thông qua hộp sạc đặc trưng. Sản phẩm sử dụng chip H1 thông minh và tăng cường chất âm thông qua Adaptive EQ. Những cải tiến hiệu quả trong phiên bản mới giúp AirPods Pro 2021 tương thích tốt với công nghệ sạc MagSafe.\r\n\r\nTai nghe AirPods Pro 2021\r\n\r\nĐỉnh cao của thiết kế in-ear\r\nRa đời để phục vụ gu thưởng thức âm nhạc của những người đòi hỏi cao về chất âm trên một chiếc tai nghe nhỏ gọn, AirPods Pro 2021 sử dụng phong cách thiết kế in-ear với đệm silicon đi sâu vào trong ống tai nhằm truyền tải rõ ràng từng tiết tấu, đồng thời tạo hiệu ứng cách âm tốt hơn.\r\n\r\nApple đã cho thấy sự chu đáo của mình khi cung cấp ba kích cỡ nút in-ear trong hộp đựng sản phẩm. Bạn có thể sử dụng tính năng Kiểm tra độ vừa vặn trên iPhone để tìm ra bộ đệm tai thoải mái nhất với bản thân.\r\n\r\nĐỉnh cao của thiết kế AirPods Pro 2021\r\n\r\nNhỏ nhắn, tinh tế và đẳng cấp\r\nAirPods Pro 2021 xây dựng kiểu theo phong cách đặc trưng của dòng AirPods với phần thân tai nghe không dây được thiết kế xuôi xuống khi đeo. Phiên bản 2021 của sản phẩm ghi nhận trọng lượng chỉ 5.4 gram cho mỗi bên tai nghe và 45.6 gram cho hộp sạc đi kèm.\r\n\r\nCầm sản phẩm trên tay, bạn sẽ cảm nhận rõ ràng sự tinh xảo, cao cấp đầy tính thẩm mỹ của mẫu tai nghe True-Wireless này. AirPods Pro ghi nhận chuẩn chống nước IPX4. Do đó, mồ hôi khi tập luyện hoặc những sự cố bất ngờ về nước sẽ chẳng thể làm ảnh hưởng đến độ bền bỉ của thiết bị.\r\n\r\nAirPods Pro 2021 Nhỏ nhắn, tinh tế và đẳng cấp\r\n\r\nTương thích với công nghệ sạc MagSafe\r\nVới cải tiến trên thế hệ mới, hộp sạc của chiếc AirPods Pro 2021 bạn đang theo dõi sẽ tương thích với các chuẩn sạc không dây trên thị trường, bao gồm cả sạc MagSafe, từ đó gia tăng tính tiện lợi và giúp bạn trải nghiệm trọn vẹn hơn sự tiện lợi của hệ sinh thái các sản phẩm Apple.\r\n\r\nSản phẩm ghi nhận tổng thời lượng pin tối đa 24 tiếng khi kết hợp cùng hộp sạc, mỗi bên tai có thể tích trữ đủ pin cho 4.5 giờ trải nghiệm liên. Khi pin yếu, AirPods Pro 2021 sẽ tự gửi thông báo đến iPhone hoặc thiết bị đang kết nối. Lúc này, bạn chỉ cần sạc 5 phút là sẽ có đủ pin cho 1 giờ nghe nhạc.\r\n\r\nAirPods Pro 2021 Tương thích với công nghệ sạc MagSafe\r\n\r\nTrải nghiệm âm thanh chuẩn Adaptive EQ\r\nBí quyết tăng cường chất âm của tai nghe AirPods Pro 2021 nằm ở công nghệ Adaptive EQ – hỗ trợ hiệu chỉnh âm thanh tự động dựa theo vòm tai và thể loại nhạc bạn nghe để đem tới chất âm tròn trịa và trọn vẹn nhất.\r\n\r\nMột micro hướng vào trong vòm tai sẽ tự động đo đạc tần số âm thanh, sau đó đưa ra những thay đổi hiệu quả nhằm đem lại trải nghiệm nghe nhạc ấn tượng. Chip H1 độc quyền của Apple sẽ đóng vai trò quan trọng trong quá trình hoạt động của Adaptive EQ, tạo nên sự khác biệt lớn về cảm nhận so với các dòng tai nghe True-Wireless trên thị trường.\r\n\r\nTrải nghiệm âm thanh AirPods Pro 2021 chuẩn Adaptive EQ\r\n\r\nChống ồn chủ động loại bỏ mọi tạp âm\r\nNgoài cơ chế ngăn chặn tạp âm thông qua các đệm tai silicon, AirPods Pro 2021 còn sử dụng công nghệ Chống Ồn Chủ Động (ANC) để ngăn không cho âm thanh từ môi trường lọt vào trong khoang tai, làm ảnh hưởng đến chất lượng đàm thoại hoặc chất âm khi đeo phụ kiện này.\r\n\r\nChìa khóa trong cơ chế chống ồn ANC của AirPods Pro 2021 nằm ở micro bố trí hướng ra ngoài, sẽ chủ động phát hiện những âm thanh nhiễu loạn từ môi trường và lập tức xử lý để đưa ra phương án triệt tiêu các tiếng ồn này trước khi ảnh hưởng tới người nghe. Việc quét tạp âm để khử ồn sẽ diễn ra liên tục ở tần suất 200 lần mỗi giây. Bạn hãy an tâm rằng trải nghiệm nghe nhạc với AirPods Pro 2021 sẽ luôn luôn trọn vẹn.\r\n\r\nChế độ xuyên âm AirPods Pro 2021\r\n\r\nChế độ xuyên âm để trò chuyện thoải mái\r\nSự góp mặt của Chế Độ Xuyên Âm sẽ giúp chủ nhân của AirPods Pro 2021 dễ dàng lắng nghe và nói chuyện với những người xung quanh mà không bị cản trở bởi chống ồn chủ động. Khi được kích hoạt, Chế Độ Xuyên Âm sẽ thông qua micro bên ngoài để truyền tải âm thanh vào trong khoang tai chỉ với một lần chạm nhẹ lên thân tai nghe. Nhờ đó, bạn sẽ không cảm thấy chút bất tiện nào.\r\n\r\nChống ồn chủ động AirPods Pro 2021\r\n\r\nTương thích tuyệt đối với sản phẩm Apple\r\nAirPods Pro 2021 ghi nhận sự tương thích tuyệt đối với các sản phẩm Apple như iPhone, iPad, máy Mac hay Apple Watch. Cơ chế điều chuyển thông minh của sản phẩm sẽ tự thay đổi thiết bị kết nối nhằm đem lại trải nghiệm sử dụng tiện lợi nhất.\r\n\r\nTrường hợp bạn đang kết nối sản phẩm với MacBook để nghe nhạc nhưng lại có cuộc gọi đến trên iPhone, AirPods Pro 2021 sẽ tự chuyển kết nối sang iPhone để bạn nhận cuộc gọi và nói chuyện thoải mái.\r\n\r\nAirPods Pro 2021 Tương thích tuyệt đối với sản phẩm Apple\r\n\r\nChạm nhẹ nhàng để điều khiển\r\nTai nghe AirPods Pro 2021 được trang bị bộ cảm ứng lực Force Touch trên thân thiết bị, phần này được làm lõm nhẹ và sẽ nhận lệnh từ người dùng thông qua bộ thao tác cử chỉ đơn giản gồm:\r\n\r\nChạm 1 lần: Dừng/phát nhạc hoặc nhận cuộc gọi đến trên thiết bị kết nối.\r\nChạm 2 lần: Chuyển tới bài hát kế tiếp.\r\nChạm 3 lần: Trở lại bài hát vừa phát.\r\nChạm và giữ: Gọi trợ lý ảo Siri.\r\nChạm nhẹ nhàng để điều khiển AirPods Pro 2021', 'https://fptshop.com.vn/Uploads/images/2015/Tin-Tuc/AnhNQ/23/tai-nghe-airpods-pro-2021-7.jpg', 4999000, 1, 6),
(14, 'iPhone 13 Pro Max 128GB', 'Đánh giá chi tiết iPhone 13 Pro Max\r\niPhone 13 Pro Max xứng đáng là một chiếc iPhone lớn nhất, mạnh mẽ nhất và có thời lượng pin dài nhất từ trước đến nay sẽ cho bạn trải nghiệm tuyệt vời, từ những tác vụ bình thường cho đến các ứng dụng chuyên nghiệp.\r\nĐắm chìm trong không gian màn hình lớn cực đã\r\nDù là giải trí khi xem phim, chơi game hay kiểm tra email, đọc tài liệu thì màn hình lớn tới 6,7 inch của iPhone 13 Pro Max cũng luôn cho trải nghiệm tuyệt vời nhất.\r\n\r\nKhông chỉ lớn, đây còn là màn hình chất lượng hàng đầu thế giới smartphone với tấm nền OLED tuyệt đẹp, công nghệ Super Retina XDR siêu nét và độ sáng tối đa đạt mức khó tin, lên tới 1200 nits cho nội dung HDR. Trước mắt bạn là một không gian giải trí mãn nhãn, một thiết bị di động lý tưởng để giải quyết nhanh công việc với màn hình thực sự xuất sắc.\r\nBước nhảy vọt về thời lượng pin\r\nDòng iPhone Pro Max luôn được người dùng yêu thích nhờ thời lượng pin siêu dài, tuy nhiên iPhone 13 Pro Max còn làm được nhiều hơn thế. Dung lượng pin lớn hơn, màn hình mới và bộ vi xử lý Apple A15 Bionic tiết kiệm điện hơn giúp iPhone 13 Pro Max trở thành chiếc iPhone có thời lượng pin tốt nhất từ trước đến nay.\r\n\r\nSo với iPhone 12 Pro Max, iPhone 13 Pro Max có thời gian sử dụng dài hơn 2,5 giờ. Bạn sẽ cảm nhận rõ sự khác biệt khi sử dụng thực tế, thời lượng pin iPhone 13 Pro Max thậm chí còn có thể kéo dài đến ngày thứ 3 với nhu cầu sử dụng thông thường.\r\n\r\nSang trọng, lịch lãm và quý phái\r\niPhone 13 Pro Max có kiểu dáng sang trọng, thời thượng và sự tinh xảo đến từng đường nét. Phần khung máy cứng cáp làm từ thép không gỉ nằm giữa hai mặt kính cao cấp, trong đó phần kính bảo vệ màn hình có chất liệu gốm siêu cứng, iPhone 13 Pro Max vừa tuyệt đẹp, lại vừa vô cùng bền bỉ.\r\n\r\nHơn nữa, điện thoại còn có khả năng chống nước chuẩn IP68, cho phép bạn sử dụng mà không sợ các nguy cơ như đổ nước hay gặp trời mưa. Sẽ có 4 lựa chọn màu sắc dành cho iPhone 13 Pro Max là Xám, Vàng, Trắng và Xanh Sierra, tất cả các màu đều có khí chất riêng biệt, đẳng cấp.\r\nSức mạnh của hệ thống camera Pro mới\r\nCả 3 camera trên iPhone 13 Pro Max đều sử dụng cảm biến mới với chất lượng ống kính hàng đầu hiện nay. Nổi bật nhất là camera chính có khẩu độ lên tới f/1.5, kích thước điểm ảnh 1.9um, những con số khó tin đối với một chiếc điện thoại di động, cho hình ảnh và video thiếu sáng tốt hơn bao giờ hết.\r\n\r\nCamera góc siêu rộng cũng được nâng cấp với khẩu độ f/1.8, cảm biến nhanh hơn, mang tới những bức ảnh góc siêu rộng tự nhiên và chân thực. Cuối cùng là camera Tele hỗ trợ zoom quang học 3x. Đặc biệt, hệ thống chống rung quang học kép có mặt trên cả camera chính và camera Tele.', 'https://images.fpt.shop/unsafe/fit-in/585x390/filters:quality(90):fill(white)/fptshop.com.vn/Uploads/Originals/2021/9/15/637673217826201634_iphone-13-pro-max-xanh-1.jpg', 32490000, 1, 3),
(15, 'Samsung Galaxy Note 20 Ultra ', 'Đặc điểm nổi bật của Samsung Galaxy Note 20 Ultra\r\nChiếc Galaxy Note màn hình lớn nhất, bút S Pen thông minh nhất và những tính năng mạnh mẽ nhất đã xuất hiện. Samsung Galaxy Note 20 Ultra sẽ định nghĩa lại smartphone, thay đổi những trải nghiệm của bạn theo cách thú vị hơn bao giờ hết.\r\nKiệt tác công nghệ với màu sắc huyền bí\r\nSamsung Galaxy Note 20 Ultra được chế tác từ những vật liệu cao cấp hàng đầu hiện nay, với sự tỉ mỉ và chất lượng gia công thượng thừa, tạo nên chiếc điện thoại đẹp hơn những gì bạn có thể tưởng tượng. Không chỉ có kiểu dáng thanh lịch, màn hình không viền Infinity-O quyến rũ, Galaxy Note20 Ultra còn thể hiện sự cao cấp ở từng chi tiết nhỏ như các phần viền cạnh sáng bóng, họa tiết phay xước độc đáo trên khung máy, mang đến niềm cảm hứng cho người dùng ở mọi góc cạnh.\r\nBên cạnh phần thân kim loại, chất liệu chính làm nên Note 20 Ultra là kính cường lực Corning Gorilla Glass Victus, có khả năng chịu lực tốt nhất thế giới smartphone hiện nay. Màu sắc cũng là điều bạn sẽ yêu thích trên Note 20 Ultra khi điện thoại có 3 lựa chọn màu là Trắng huyền bí, Đen huyền bí và màu đặc biệt Đồng huyền bí chỉ có trên Galaxy Note 20 series.\r\n\r\nHiển thị tuyệt đẹp, mượt mà đến khó tin\r\nNote 20 Ultra chắc chắn là mẫu smartphone có màn hình đẹp bậc nhất thế giới hiện nay. Trước mắt bạn là một màn hình cực lớn 6,9 inch tràn cạnh Infinity-O, độ phân giải QHD+ siêu nét, hỗ trợ HDR10+ và công nghệ màn hình Dynamic AMOLED 2X. Mọi thứ đều hiển thị lớn, sống động, đẹp rực rỡ và độ chi tiết hoàn hảo. Không chỉ đẹp, màn hình này còn có độ mượt mà vượt trội với tần số quét 120Hz, cho những thao tác vuốt chạm của bạn phản hồi ngay lập tức, đưa hiệu quả công việc và giải trí lên tối đa.\r\nBút S Pen cải tiến mạnh mẽ trên Note 20 Ultra\r\nBạn sẽ được trải nghiệm cây bút cảm ứng cho nét bút tự nhiên, chân thực và mượt mà nhất từ trước đến nay với S Pen mới trên Galaxy Note 20 Ultra. Nhờ độ nhạy vượt trội và màn hình tần số quét 120Hz, thao tác ghi chú của S Pen gần như không có độ trễ, mọi thứ giống như bạn ghi chép trên giấy. Luôn sẵn sàng ghi chú và ghi chú ở bất cứ đâu, từ màn hình khóa cho đến ảnh chụp, S Pen mang đến cho bạn cuộc sống tiện lợi và dễ dàng hơn.\r\nGhi chú đồng bộ và liền mạch\r\nVới ứng dụng Samsung Notes trên cả điện thoại, máy tính bảng và máy tính, những ghi chú của bạn có thể được đồng bộ, chỉnh sửa dễ dàng trên mọi thiết bị. Ghi chú nhanh chóng trên điện thoại, sau đó xem và chỉnh sửa ở máy tính bảng hoặc máy tính để có màn hình lớn cùng nhiều công cụ hơn, Galaxy Note 20 Ultra giúp mọi thứ liền mạch, hoàn hảo hơn bao giờ hết.\r\nKhám phá sức mạnh hàng đầu\r\nLà thiết bị cao cấp nhất thế giới smartphone hiện tại, không có gì ngạc nhiên khi Samsung Galaxy Note 20 Ultra mang trên mình cấu hình đáng kinh ngạc. Bạn sẽ có bộ vi xử lý Exynos 990 sản xuất trên tiến trình 7nm+ tiên tiến nhất hiện nay; 8GB RAM và 256GB bộ nhớ trong cho sức mạnh tương đương máy tính để bàn. Samsung còn trang bị hệ thống làm mát nâng cao để luôn đảm bảo hiệu năng tốt nhất cho thiết bị. Kết hợp thêm màn hình 120Hz siêu mượt, Note 20 Ultra sẽ phát huy hết sức mạnh từ những tác vụ sử dụng thường ngày cho đến những tựa game đồ họa nặng.\r\nTuyệt tác camera 108MP của Note 20 Ultra\r\nĐộ sắc nét của những bức ảnh trên Samsung Galaxy Note 20 Ultra đã vượt xa mọi giới hạn với camera chính độ phân giải lên tới 108MP hỗ trợ chống rung quang học OIS. Ngoài ra Note 20 Ultra còn có camera 12MP Tele OIS, camera 12MP góc siêu rộng và cảm biến lấy nét Laser. Kết quả là bạn sẽ có những bức ảnh sắc nét, chân thực như những gì mắt người chứng kiến. Ấn tượng hơn nữa, tính năng siêu zoom cho phép phóng to ảnh tới 50 lần, đưa cảnh vật từ rất xa đến ngay trước mắt bạn một cách đầy kỳ diệu.', 'https://images.fpt.shop/unsafe/fit-in/585x390/filters:quality(90):fill(white)/fptshop.com.vn/Uploads/Originals/2020/8/5/637322686294422878_ss-note-20-ultra-den-1.png', 19990000, 3, 3),
(16, 'Máy tính để bàn HP Pavilion TP01-1003d i3 10105/4GB/256GB SSD/DVDRW/Intel UHD/WL+BT', 'HP Pavilion TP01-1003d là chiếc máy tính để bàn có cấu hình mạnh mẽ được bán ở mức giá rất tốt. Máy tính để bàn từ thương hiệu HP bền bỉ, thiết kế sang trọng, đi cùng rất nhiều cổng kết nối tiện lợi và cả ổ DVD-RW, cho bạn học tập làm việc hiệu quả.\r\nĐiểm nhấn trong không gian làm việc của bạn\r\nNhững case máy tính đồng bộ đời mới đã không còn thiết kế nhàm chán như trước đây nữa. HP Pavilion TP01-1003d có thiết kế thanh lịch, phù hợp với không gian làm việc hiện đại nhờ lớp vỏ màu bạc bóng bẩy, kiểu dáng gọn nhẹ cứng cáp. Logo HP bóng loáng chính là điểm nhấn, trong khi đó các cổng kết nối đều được đặt ở mặt trước cho bạn thao tác và bố trí kết nối thuận tiện hơn.\r\nHiệu năng mạnh mẽ cho mọi công việc\r\nHP Pavilion TP01-1003d trang bị bộ vi xử lý Intel Core i3 10105, con chip thuộc thế hệ thứ 10 Comet Lake dành cho máy tính để bàn. Sức mạnh của bộ vi xử lý này vô cùng đáng nể với 4 nhân 8 luồng, tốc độ 3.70 – 4.40 GHz, thậm chí còn mạnh hơn nhiều chip Core i5 hay Core i7 thế hệ trước. Bạn có thể làm việc thoải mái với các ứng dụng văn phòng, hay cả những công việc nặng hơn như đồ họa, video, chơi game trên HP Pavilion TP01-1003d.\r\nĐa nhiệm và lưu trữ xuất sắc\r\nVới 4GB RAM DDR4 2666MHz, HP Pavilion TP01-1003d cho khả năng đa nhiệm khá ổn. Bạn có thể chạy nhiều ứng dụng hay duyệt web nhiều tab mà máy vẫn chạy mượt. Bên cạnh đó là 256GB PCIe NVMe M.2 SSD siêu tốc, cho tốc độ khởi động máy chỉ trong chớp mắt, mở ứng dụng cực nhanh mà không cần phải chờ đợi. Tất nhiên cả RAM hay ổ cứng SSD bạn đều có thể nâng cấp dễ dàng nếu có nhiều nhu cầu hơn trong quá trình sử dụng.\r\nTặng kèm chuột và bàn phím tiện lợi\r\nMáy tính để bàn HP Pavilion TP01-1003d đi kèm một bộ bàn phím và chuột HP màu đen thời trang có chất lượng tốt để bạn sử dụng lâu dài. Việc của bạn là chỉ cần thêm một màn hình để sử dụng máy tính ngay lập tức.\r\nKết nối mặt trước thông minh\r\nNgay ở mặt trước máy, HP Pavilion TP01-1003d đã bố trí tất cả những cổng kết nối mà bạn cần bao gồm Jack tai nghe/mic combo; 4 cổng USB Type-A 3.1; cổng USB Type-C 3.1; khe đọc thẻ đa năng SD 3-in-1. Đặc biệt, máy còn có cổng DVD-Writer, cho khả năng đọc các loại đĩa CD, phù hợp với nhiều công việc đặc thù như giáo dục, lập trình. Bạn có thể kết nối với nhiều thiết bị ngoại vi cùng lúc trên HP Pavilion TP01-1003d.', 'https://images.fpt.shop/unsafe/fit-in/585x390/filters:quality(90):fill(white)/fptshop.com.vn/Uploads/Originals/2021/10/8/637692932746570248_hp-pavilion-tp01-1001d-bac-combo.jpg', 11999000, 8, 1),
(17, 'Laptop HP 15s du1105TU i3 10110U/4GB/256GB/15.6\"HD/Win 11', 'Đặc điểm nổi bật của Laptop HP 15s du1105TU i3 10110U\r\nHP 15s du1105TU là lựa chọn laptop phù hợp cho học tập, công việc khi sở hữu màn hình lớn, cấu hình tốt trong tầm giá với bộ vi xử lý Intel thế hệ thứ 10, ổ cứng SSD, đồng thời cài đặt sẵn hệ điều hành Windows bản quyền.\r\nCấu hình tốt cho học tập, công việc văn phòng\r\nHP 15s du1105TU có hiệu năng đủ tốt cho nhu cầu học tập, làm việc online, công việc văn phòng nhờ trang bị bộ vi xử lý Intel Core i3 10110U mạnh mẽ. Con chip này thuộc thế hệ Intel thứ 11 Comet Lake, với 2 nhân 4 luồng, tốc độ tối đa 4.10GHz, chạy tốt các ứng dụng cơ bản. Bên cạnh đó bạn còn có 4GB RAM DDR4 và 256GB SSD, cho tốc độ khởi động máy, mở ứng dụng cực nhanh, đa nhiệm mượt mà.\r\nPhục vụ hiệu quả nhu cầu học tập, làm việc online\r\nHP 15s fq2602TU mang trên mình webcam HD True Vision, micro kép và loa Stereo, những tính năng lý tưởng cho học tập hay tham gia các cuộc họp trực tuyến, vốn đang là xu thế hiện nay. HP 15s fq2602TU đem tới cho bạn những buổi học, cuộc họp chất lượng với âm thanh rõ ràng, hình ảnh sắc nét, để mọi thứ trở nên hiệu quả hơn.\r\nLuôn đồng hành cùng bạn\r\nHP 15s du1105TU gây bất ngờ với thiết kế mỏng và nhẹ, dù đây là chiếc laptop có màn hình lớn 15,6 inch. Viền màn hình siêu mỏng chỉ 6,5mm giúp kích thước tổng thể của HP 15s gọn gàng hơn rất nhiều, chỉ tương đương những mẫu laptop 14 inch thông thường, cho tỉ lệ màn hình chiếm tới 81% diện tích thân máy. Bên cạnh đó, HP 15s du1105TU có trọng lượng chỉ 1,74kg và độ mỏng 1,99cm, rất mỏng nhẹ, tiện lợi để bạn mang đi bất cứ đâu. Chiếc laptop của chúng ta cũng được thiết kế tuyệt đẹp với màu bạc thanh lịch, những đường nét tinh tế cao cấp, tạo nên một sản phẩm thời trang.\r\nThời lượng pin lên tới 10 tiếng\r\nVừa phục vụ công việc lại vừa đảm bảo tính di động, vì thế thời lượng pin là yếu tố rất được chú trọng trên HP 15s du1105TU. Bạn sẽ có thể sử dụng trong khoảng 10 tiếng liên tục mà không cần đến nguồn sạc. Nhờ vậy, những cuộc họp quan trọng hay việc sử dụng laptop trong một chuyến bay dài đều sẽ được đáp ứng một cách hiệu quả.\r\nĐủ cổng kết nối bạn cần\r\nDù có thân máy rất mỏng, nhưng trên HP 15s-du1105TU vẫn đầy đủ những kết nối tiên tiến nhất hiện nay. Chúng ta có 2 cổng USB 3.1 Gen 1; cổng mạng LAN; HDMI; jack tai nghe 3.5mm và đặc biệt là cổng USB Type-C 3.1 Gen 1, cho tốc độ truyền dữ liệu nhanh vượt trội.\r\nCập nhật lên Windows 11\r\nNâng cao hiệu quả làm việc của bạn với hệ điều hành Windows 10 bản quyền được cài sẵn trên HP 15s du1105TU. Với Windows 10, bạn sẽ có một giao diện hiện đại hơn, chạy ổn định và nhiều tính năng hơn. Đặc biệt, bạn có thể nâng cấp lên Windows 11 miễn phí, là một trong những người đầu tiên được trải nghiệm hệ điều hành mới nhất từ Microsoft.\r\n\r\n', 'https://fptshop.com.vn/Uploads/images/2015/Tin-Tuc/QuanLNH2/hp-15s-du-7.jpg', 18499000, 8, 5),
(18, 'Laptop Acer Nitro Gaming AN515-57-71VV i7 11800H/8GB/512GB SSD/Nvidia RTX3050 4GB/Win11', 'Đánh giá chi tiết Acer Nitro Gaming AN515-57-71VV/i7-11800H\r\nBạn cần một chiếc laptop gaming có CPU xuất sắc, không chỉ chơi game tốt mà còn đáp ứng hoàn hảo các công việc, ngoài ra hiệu suất đồ họa cũng không kém phần ấn tượng với dòng card rời RTX 30 series mới nhất, Acer Nitro Gaming AN515-57-71VV chính là sự lựa chọn hoàn hảo trong tầm giá.\r\nSức mạnh đỉnh cao ở mọi tác vụ\r\nAcer Nitro 5 AN515 57 71VV trang bị bộ vi xử lý mạnh bậc nhất thế giới laptop hiện nay. Con chip Intel Core i7 11800H là mẫu CPU đầu bảng và mới nhất của thế hệ thứ 11, sở hữu tới 8 nhân 16 luồng siêu khủng, tốc độ tối đa 4.60GHz, bộ nhớ đệm lên tới 24MB, cho sức mạnh hoàn hảo trong mọi tác vụ. Bộ vi xử lý cực mạnh giúp Nitro 5 AN515 57 không chỉ chơi game tốt mà còn có thể chạy mượt những ứng dụng công việc nặng hay render video nhanh chóng. Bạn có thể làm mọi việc một cách hiệu quả cao nhất trên chiếc laptop gaming của mình.\r\nTrải nghiệm những công nghệ mới nhất từ kiến trúc Ampere\r\nNitro Gaming AN515 57 71VV mang trên mình dòng card đồ họa RTX 30 series mới nhất. Đây là dòng GPU cho hiệu suất hoàn hảo, kể cả hoạt động chơi game lẫn đồ họa sáng tạo. GPU NVIDIA GeForce RTX 3050 sử dụng kiến trúc Ampere mới nhất, với các lõi Ray Tracing mới, lõi Tensor và các bộ đa xử lý phát trực tuyến, mang đến bước nhảy vọt về hiệu năng, hình ảnh chân thực đáng kinh ngạc. Bạn có thể chơi tốt hầu hết mọi game ở thiết lập Full HD, từ những game eSports cho đến các game bom tấn AAA.\r\nTản nhiệt CoolBoost tiên tiến\r\nAcer Nitro 5 AN515 57 sử dụng hệ thống tản nhiệt mới với 2 quạt và công nghệ Acer CoolBoost giúp tăng 10% tốc độ quạt, cho hiệu quả cao hơn và giảm nhiệt độ CPU lẫn GPU xuống 9%. Khả năng lưu thông khí cũng tốt hơn 25% nhờ 4 khe hút gió thoát nhiệt thông minh. Khả năng tản nhiệt tốt giúp bạn có thể yên tâm chơi game, làm việc ổn định trong thời gian dài. Những thông số về nhiệt độ và tính năng điều chỉnh tốc độ quạt có thể thực hiện dễ dàng qua phần mềm Nitro Sense.\r\nTùy chỉnh hiệu năng chỉ sau một phím bấm\r\nBạn sẽ hoàn toàn làm chủ những điều mình muốn trên Acer Nitro 5 AN515. Tất cả đều sẵn sàng sau phím bấm duy nhất kích hoạt Nitro Sense, đây là phần mềm độc quyền có thể điều chỉnh chế độ quạt, hiệu chỉnh màu bàn phím RGB và những tinh chỉnh hữu ích khác.\r\nMàn hình gaming viền mỏng 144Hz\r\nKhông chỉ cấu hình, màn hình với tần số quét lên đến 144Hz cũng là một “vũ khí” lợi hại khác của Acer Nitro 5 AN515 57. Với màn hình này, bạn sẽ thấy rõ từng chuyển động của kẻ thù, không bỏ qua bất cứ khoảnh khắc nào trong những tựa game fps diễn biến nhanh. Chất lượng hiển thị cũng hết sức tuyệt vời nhờ tấm nền 15,6 inch Full HD IPS, cho bạn những giờ phút giải trí hấp dẫn. Viền màn hình giờ đây đã được thu hẹp chỉ còn 7.02mm, tăng tỉ lệ màn hình trên thân máy 80%, mang đến hình ảnh sống động như thật.\r\nSống trong thế giới gaming với âm thanh 3D chân thực\r\nCho những trận chiến thêm phần hấp dẫn nhờ hệ thống âm thanh chuẩn laptop gaming. Phần mềm âm thanh DTS: X Ultra tái tạo âm thanh 3D và 6 chế độ tùy chỉnh âm thanh trong phần mềm Acer True Harmony sẽ giúp cho âm thanh sống động, diễn biến chính xác tùy thuộc vào thể loại game bạn chơi.\r\nBàn phím RGB 4 vùng tuyệt đẹp\r\nChơi game thêm phần hiệu quả và phấn khích nhờ hệ thống đèn LED RGB 4 vùng trên Acer Nitro 5. Bàn phím tuyệt đẹp, phản hồi nhạy bén, tối ưu cho game thủ và các thiết lập màu sắc, hiệu ứng hấp dẫn giúp cho những tựa game của bạn thêm phần thú vị. Đồng thời ngay cả khi giải trí bằng các tác vụ như nghe nhạc hay xem phim, bàn phím RGB cũng tạo thêm nhịp điệu cho riêng bạn.\r\nTốc độ mạng siêu nhanh\r\nKết nối mạng chưa bao giờ nhanh đến thế với Nitro 5. Chuẩn Wi-Fi 6 mới nhất và kết nối mạng dây Killer Ethernet E2600 giúp đường truyền Internet luôn ổn định, để bạn yên tâm tập trung vào cuộc chiến ở những tựa game online. Laptop cũng có đầy đủ những cổng kết nối khác như 3 cổng USB 3.2 Type-A, 1 cổng USB Type-C, 1 cổng HDMI và cổng tai nghe 3.5mm.', 'https://fptshop.com.vn/Uploads/images/2015/Tin-Tuc/QuanLNH2/acer-nitro-5-2021-fpt-6.jpg', 27599000, 13, 5),
(19, 'Xiaomi 11T 8GB - 128GB ', 'Đánh giá chi tiết Xiaomi 11T 8GB - 128GB\r\nXiaomi 11T sẽ biến mỗi khoảnh khắc thường ngày của bạn thành những thước phim điện ảnh sống động với trải nghiệm camera 108MP đỉnh cao. Hơn nữa, Xiaomi 11T còn là một cỗ máy đầy tốc độ dưới vẻ ngoài của kiệt tác thời trang.\r\n\r\nXiaomi 11T chính hãng\r\n\r\nNhiếp ảnh chuyên nghiệp với camera 108MP\r\nXiaomi 11T sở hữu phần cứng camera đáng kinh ngạc với camera chính độ phân giải lên tới 108MP, công nghệ siêu điểm ảnh 9 trong 1 mang tới điểm ảnh cực lớn 2.1um. Nhờ vậy, máy có khả năng thu sáng xuất sắc, hình ảnh rõ nét đến từng chi tiết dù là chụp ngày hay đêm. Chế độ chụp đêm 2.0 được áp dụng cho cả camera góc siêu rộng, mang đến những bức ảnh khung hình rộng tuyệt vời trong điều kiện thiếu sáng. Cuối cùng là camera Telemacro với tiêu điểm tự động 3-7cm sẽ cùng bạn khám phá những kỳ quan ở thế giới vi mô siêu nhỏ đầy thú vị.\r\n\r\ncamera Xiaomi 11T\r\n\r\nLưu giữ những khoảnh khắc đáng yêu của bạn\r\nCamera selfie trên Xiaomi 11T có độ phân giải cao 16MP, hỗ trợ tính năng selfie đêm, selfie chân dung xóa phông và cả điện thoại quay slow motion selfie chuyển động siêu chậm, sẽ lưu giữ lại những khoảnh khắc đáng nhớ của bạn. Tự tin gọi video, chụp ảnh “tự sướng”, livestream, quay video trên camera trước, bạn sẽ luôn xuất hiện đầy rạng rỡ.\r\n\r\ncamera trước Xiaomi 11T\r\n\r\nMa thuật từ những đoạn phim\r\nHệ thống camera chuyên nghiệp kết hợp cùng thuật toán AI nâng cao mang đến rất nhiều hiệu ứng khi quay video trên Xiaomi 11T, cho bạn thỏa sức sáng tạo, biến những đoạn video đời thường trở nên chất lượng như những thước phim điện ảnh. Chỉ cần một chạm để chuyển đổi các tính năng AI thông minh, phóng to hình ảnh cũng đồng nghĩa với phóng to âm thanh chủ thể đang được lấy nét, quay video trên điện thoại chưa bao giờ chuyên nghiệp đến thế.\r\n\r\nquay video Xiaomi 11T\r\n\r\nHiệu suất mạnh mẽ hàng đầu với bộ xử lý 5G mới\r\nXiaomi 11T được trang bị vi xử lý MediaTek Dimensity 1200-Ultra, chipset 5G mới nhất và mạnh mẽ nhất từ MediaTek, hỗ trợ tới 2 SIM 5G, cho tốc độ mạng 5G siêu nhanh. CPU này còn có hiệu năng vượt trội và cải thiện về hiệu quả năng lượng với tốc độ CPU tối đa lên tới 3.0GHz, nhanh hơn 22%, đồng thời tiết kiệm điện hơn 25%. Sức mạnh của chiếc Xiaomi này giúp bạn hoàn toàn yên tâm, từ các ứng dụng thông thường cho đến những tựa game nặng, máy cũng luôn đáp ứng hết sức mượt mà.\r\n\r\ncấu hình Xiaomi 11T\r\n\r\nTốc độ sạc nhanh đột phá\r\nThời lượng pin không bao giờ là vấn đề trên Xiaomi 11T, với dung lượng pin 5000mAh và điện thoại sạc nhanh với công suất lên tới 67W, điện thoại luôn tràn đầy năng lượng. Công nghệ điện cực dương làm từ nano silicon oxide thế hệ thứ 2 giúp hiệu quả sử dụng pin và sạc tốt hơn, giảm nhiệt độ khi sạc. Đồng thời thiết kế hai dòng sạc giúp tăng dòng điện đầu vào, kết hợp công nghệ MTW làm giảm đáng kể điện trở và hiện tượng quá nhiệt. Kết quả là bạn chỉ mất 36 phút để sạc hoàn toàn từ 0 lên 100% pin với Xiaomi 11T, một con số đáng kinh ngạc. Nếu có công việc gấp, chỉ cần 10 phút sạc để sử dụng điện thoại suốt cả ngày.\r\n\r\nsạc nhanh Xiaomi 11T\r\n\r\nTrải nghiệm giải trí tuyệt đỉnh trên màn hình 120Hz\r\nXiaomi 11T là cả một thế giới giải trí hàng đầu ngay trên tay bạn. Điện thoại màn hình lớn với màn hình 6,67 inch công nghệ AMOLED cao cấp có tới hơn 1 tỉ màu, độ tương phản 5.000.000:1, hỗ trợ tông màu chuẩn DCI-P3, HDR10+, hiển thị hình ảnh đẹp hoàn hảo. Hơn nữa, màn hình này còn có tốc độ làm tươi 120Hz công nghệ tự động điều chỉnh AdaptiveSync, giúp thao tác mượt mà đáng kinh ngạc. Trải nghiệm âm thanh cũng vô cùng xuất sắc với hệ thống loa kép âm thanh vòm chuẩn Dolby Atmos, cho bạn không gian giải trí thực thụ như đang ngồi trong nhà hát.\r\n\r\nmàn hình Xiaomi 11T\r\n\r\nBền bỉ và trang nhã\r\nXiaomi 11T được thiết kế theo phong cách thanh lịch và trang nhã. Từ cụm camera, logo Xiaomi cho đến cách hoàn thiện phần khung viền và mặt lưng đều được làm đẹp tinh tế, cuốn hút. Phiên bản màu Xám thiên thạch có mặt lưng dạng kim loại đánh bóng lịch lãm, trong khi đó hai phiên bản Xanh thiên hà và Trắng ánh trăng phủ một lớp chống lóa huyền ảo. Không chỉ đẹp, Xiaomi 11T còn rất bền bỉ khi được bảo vệ bằng kính cường lực Corning Gorilla Glass Victus cứng nhất hiện nay, có thể chịu lực khi rơi từ độ cao 2m và khả năng chống trầy xước vượt trội.\r\n\r\nthiết kế Xiaomi 11T', 'https://fptshop.com.vn/Uploads/images/2015/Tin-Tuc/QuanLNH2/xiaomi-11t-7.jpg', 9990000, 4, 3),
(20, 'Xiaomi Redmi Note 10S 8GB-128GB', 'Đánh giá chi tiết Xiaomi Redmi Note 10S 8GB-128GB\r\nCùng Xiaomi Redmi Note 10S nắm giữ mọi khoảnh khắc với bộ tứ camera 64MP chuyên nghiệp, trải nghiệm màn hình AMOLED tuyệt đẹp và hiệu năng vốn đã thành thương hiệu của dòng Redmi. Hãy bắt đầu cuộc phiêu lưu của bạn theo cách hứng khởi nhất.\r\n\r\nXiaomi Redmi Note 10S\r\n\r\nNắm giữ khoảnh khắc, lưu lại kỷ niệm\r\nBộ tứ camera trên Redmi Note 10S luôn sẵn sàng cùng bạn ghi lại những khoảnh khắc đáng nhớ nhất. Thật dễ dàng để chụp ảnh đẹp trong mọi hoàn cảnh với sự đa năng của 4 camera. Nổi bật nhất tất nhiên là camera chính 64MP, chụp ảnh sắc nét tới từng chi tiết; tiếp đến là camera góc siêu rộng 8MP, camera đo độ sâu 2MP và camera macro 2MP. Bạn sẽ không bỏ qua bất cứ điều gì thú vị trong cuộc sống khi đồng hành cùng Xiaomi Redmi Note 10S.\r\n\r\ncamera Xiaomi Redmi Note 10S\r\n\r\nChụp đêm ảo diệu\r\nDưới bóng đêm mờ ảo, những ánh đèn lung linh và nhiều cảnh đẹp khác sẽ hiện ra. Redmi Note 10S có thể bắt trọn vẻ đẹp ấy với khả năng chụp đêm xuất sắc. Cảm biến độ phân giải cao 64MP, khẩu độ lớn f/1.79 và hỗ trợ chụp đêm camera AI thông minh giúp ánh sáng được đẩy lên ở mức tự nhiên, màu sắc chính xác, giảm thiểu độ nhiễu đồng thời không giảm chi tiết của ảnh chụp. Bạn hoàn toàn có thể tự tin tỏa sáng trong màn đêm với chiếc Xiaomi này.\r\n\r\nchụp đêm Xiaomi Redmi Note 10S\r\n\r\nThế giới giải trí tuyệt mỹ trên màn hình AMOLED sống động\r\nTận hưởng những giây phút giải trí tuyệt vời trên chiếc điện thoại màn hình lớn 6.43 inch AMOLED, nơi các nội dung hiển thị với màu sắc ấn tượng nhất. Dải màu rộng DCI-P3 cho màu sắc chính xác và chân thực, độ tương phản cao lên tới 4.500.000:1 mang đến những hình ảnh đẹp mãn nhãn. Màn hình này cũng được chế tác viền mỏng với camera trước nằm ở vị trí gọn gàng, tạo tính thẩm mỹ cao, đồng thời nâng tầm trải nghiệm xem.\r\n\r\nmàn hình Xiaomi Redmi Note 10S\r\n\r\nBảo vệ đôi mắt của bạn\r\nXiaomi Redmi Note 10S tích hợp rất nhiều tính năng để bảo vệ mắt của bạn trong suốt quá trình sử dụng điện thoại. Cảm biến ánh sáng 360 độ cực nhạy, giúp điện thoại nhanh chóng thay đổi độ sáng màn hình theo môi trường; chế độ đọc 3.0 mô phỏng các máy đọc sách hàng đầu, dành cho những người thích đọc sách trên điện thoại; bộ lọc ánh sáng xanh thông minh giúp dịu mắt hơn khi sử dụng điện thoại lâu dài. Tất cả đều hướng tới đôi mắt khỏe mạnh cho người dùng.\r\n\r\nbảo vệ mắt Xiaomi Redmi Note 10S\r\n\r\nLoa ngoài Hi-Res Audio chất lượng cao\r\nĐể mang đến những âm thanh lớn hơn và dải âm rộng hơn, Xiaomi Redmi Note 10S sử dụng hệ thống loa kép chất lượng cao Hi-Res Audio. Bạn sẽ được trực tiếp tận hưởng âm thanh lớn và sống động khi chơi game, xem phim mà không cần phải sử dụng tai nghe.\r\n\r\nloa ngoài Xiaomi Redmi Note 10S\r\n\r\nTăng cường hiệu suất\r\nTrang bị bộ vi xử lý Helio G95 với 8 nhân tốc độ cao 2.05GHz, Redmi Note 10S đủ sức mạnh để bạn trải nghiệm mọi ứng dụng. Hiệu suất chơi game cũng được tăng cường nhờ GPU thế hệ mới. Hơn nữa, Note 10S còn mang trên mình một động cơ rung tuyến tính đặc biệt, mang đến các phản hồi chân thực cho game thủ khi chơi game.\r\n\r\ncấu hình Xiaomi Redmi Note 10S\r\n\r\nTinh tế và cao cấp\r\nRedmi Note 10S là chiếc điện thoại sẽ khiến bạn yêu ngay từ cái nhìn đầu tiên nhờ những đường bo tròn tinh tế, cụm camera chế tác hiện đại và mặt lưng bóng bẩy sang trọng. Phần điện thoại có cảm biến vân tay được đặt ở cạnh bên tiện lợi, giúp người dùng thao tác mở khóa trong chớp mắt. Cảm giác cầm nắm thoải mái, nhẹ nhàng khi sử dụng và vẻ ngoài hấp dẫn giúp máy nhanh chóng chiếm được cảm tình từ phía người dùng.\r\n\r\nthiết kế Xiaomi Redmi Note 10S\r\n\r\nCông nghệ sạc nhanh 33W\r\nLà chiếc smartphone pin trâu mang trên mình viên pin dung lượng cao 5000mAh, Redmi Note 10S tự tin cung cấp cho bạn đủ năng lượng suốt cả ngày. Hơn nữa, với việc điện thoại hỗ trợ sạc siêu nhanh 33W, bạn chỉ mất 30 phút để sạc đầy 54% pin, luôn sẵn sàng cho mọi trải nghiệm.\r\n\r\nsạc nhanh Xiaomi Redmi Note 10S', 'https://images.fpt.shop/unsafe/fit-in/585x390/filters:quality(90):fill(white)/fptshop.com.vn/Uploads/Originals/2021/5/18/637569718504355303_xiaomi-note10s-xanh-1.jpg', 6490000, 4, 3),
(21, 'Tai nghe AirPods Pro 2021', 'Đặc điểm nổi bật\r\nAirPods Pro 2021 sẽ giúp bạn cảm nhận trọn vẹn những giá trị làm nên tên tuổi của dòng tai nghe Apple như sự tinh xảo, độ nhỏ gọn và tính đa dụng thông qua hộp sạc đặc trưng. Sản phẩm sử dụng chip H1 thông minh và tăng cường chất âm thông qua Adaptive EQ. Những cải tiến hiệu quả trong phiên bản mới giúp AirPods Pro 2021 tương thích tốt với công nghệ sạc MagSafe.\r\n\r\nTai nghe AirPods Pro 2021\r\n\r\nĐỉnh cao của thiết kế in-ear\r\nRa đời để phục vụ gu thưởng thức âm nhạc của những người đòi hỏi cao về chất âm trên một chiếc tai nghe nhỏ gọn, AirPods Pro 2021 sử dụng phong cách thiết kế in-ear với đệm silicon đi sâu vào trong ống tai nhằm truyền tải rõ ràng từng tiết tấu, đồng thời tạo hiệu ứng cách âm tốt hơn.\r\n\r\nApple đã cho thấy sự chu đáo của mình khi cung cấp ba kích cỡ nút in-ear trong hộp đựng sản phẩm. Bạn có thể sử dụng tính năng Kiểm tra độ vừa vặn trên iPhone để tìm ra bộ đệm tai thoải mái nhất với bản thân.\r\n\r\nĐỉnh cao của thiết kế AirPods Pro 2021\r\n\r\nNhỏ nhắn, tinh tế và đẳng cấp\r\nAirPods Pro 2021 xây dựng kiểu theo phong cách đặc trưng của dòng AirPods với phần thân tai nghe không dây được thiết kế xuôi xuống khi đeo. Phiên bản 2021 của sản phẩm ghi nhận trọng lượng chỉ 5.4 gram cho mỗi bên tai nghe và 45.6 gram cho hộp sạc đi kèm.\r\n\r\nCầm sản phẩm trên tay, bạn sẽ cảm nhận rõ ràng sự tinh xảo, cao cấp đầy tính thẩm mỹ của mẫu tai nghe True-Wireless này. AirPods Pro ghi nhận chuẩn chống nước IPX4. Do đó, mồ hôi khi tập luyện hoặc những sự cố bất ngờ về nước sẽ chẳng thể làm ảnh hưởng đến độ bền bỉ của thiết bị.\r\n\r\nAirPods Pro 2021 Nhỏ nhắn, tinh tế và đẳng cấp\r\n\r\nTương thích với công nghệ sạc MagSafe\r\nVới cải tiến trên thế hệ mới, hộp sạc của chiếc AirPods Pro 2021 bạn đang theo dõi sẽ tương thích với các chuẩn sạc không dây trên thị trường, bao gồm cả sạc MagSafe, từ đó gia tăng tính tiện lợi và giúp bạn trải nghiệm trọn vẹn hơn sự tiện lợi của hệ sinh thái các sản phẩm Apple.\r\n\r\nSản phẩm ghi nhận tổng thời lượng pin tối đa 24 tiếng khi kết hợp cùng hộp sạc, mỗi bên tai có thể tích trữ đủ pin cho 4.5 giờ trải nghiệm liên. Khi pin yếu, AirPods Pro 2021 sẽ tự gửi thông báo đến iPhone hoặc thiết bị đang kết nối. Lúc này, bạn chỉ cần sạc 5 phút là sẽ có đủ pin cho 1 giờ nghe nhạc.\r\n\r\nAirPods Pro 2021 Tương thích với công nghệ sạc MagSafe\r\n\r\nTrải nghiệm âm thanh chuẩn Adaptive EQ\r\nBí quyết tăng cường chất âm của tai nghe AirPods Pro 2021 nằm ở công nghệ Adaptive EQ – hỗ trợ hiệu chỉnh âm thanh tự động dựa theo vòm tai và thể loại nhạc bạn nghe để đem tới chất âm tròn trịa và trọn vẹn nhất.\r\n\r\nMột micro hướng vào trong vòm tai sẽ tự động đo đạc tần số âm thanh, sau đó đưa ra những thay đổi hiệu quả nhằm đem lại trải nghiệm nghe nhạc ấn tượng. Chip H1 độc quyền của Apple sẽ đóng vai trò quan trọng trong quá trình hoạt động của Adaptive EQ, tạo nên sự khác biệt lớn về cảm nhận so với các dòng tai nghe True-Wireless trên thị trường.\r\n\r\nTrải nghiệm âm thanh AirPods Pro 2021 chuẩn Adaptive EQ\r\n\r\nChống ồn chủ động loại bỏ mọi tạp âm\r\nNgoài cơ chế ngăn chặn tạp âm thông qua các đệm tai silicon, AirPods Pro 2021 còn sử dụng công nghệ Chống Ồn Chủ Động (ANC) để ngăn không cho âm thanh từ môi trường lọt vào trong khoang tai, làm ảnh hưởng đến chất lượng đàm thoại hoặc chất âm khi đeo phụ kiện này.\r\n\r\nChìa khóa trong cơ chế chống ồn ANC của AirPods Pro 2021 nằm ở micro bố trí hướng ra ngoài, sẽ chủ động phát hiện những âm thanh nhiễu loạn từ môi trường và lập tức xử lý để đưa ra phương án triệt tiêu các tiếng ồn này trước khi ảnh hưởng tới người nghe. Việc quét tạp âm để khử ồn sẽ diễn ra liên tục ở tần suất 200 lần mỗi giây. Bạn hãy an tâm rằng trải nghiệm nghe nhạc với AirPods Pro 2021 sẽ luôn luôn trọn vẹn.\r\n\r\nChế độ xuyên âm AirPods Pro 2021\r\n\r\nChế độ xuyên âm để trò chuyện thoải mái\r\nSự góp mặt của Chế Độ Xuyên Âm sẽ giúp chủ nhân của AirPods Pro 2021 dễ dàng lắng nghe và nói chuyện với những người xung quanh mà không bị cản trở bởi chống ồn chủ động. Khi được kích hoạt, Chế Độ Xuyên Âm sẽ thông qua micro bên ngoài để truyền tải âm thanh vào trong khoang tai chỉ với một lần chạm nhẹ lên thân tai nghe. Nhờ đó, bạn sẽ không cảm thấy chút bất tiện nào.\r\n\r\nChống ồn chủ động AirPods Pro 2021\r\n\r\nTương thích tuyệt đối với sản phẩm Apple\r\nAirPods Pro 2021 ghi nhận sự tương thích tuyệt đối với các sản phẩm Apple như iPhone, iPad, máy Mac hay Apple Watch. Cơ chế điều chuyển thông minh của sản phẩm sẽ tự thay đổi thiết bị kết nối nhằm đem lại trải nghiệm sử dụng tiện lợi nhất.\r\n\r\nTrường hợp bạn đang kết nối sản phẩm với MacBook để nghe nhạc nhưng lại có cuộc gọi đến trên iPhone, AirPods Pro 2021 sẽ tự chuyển kết nối sang iPhone để bạn nhận cuộc gọi và nói chuyện thoải mái.\r\n\r\nAirPods Pro 2021 Tương thích tuyệt đối với sản phẩm Apple\r\n\r\nChạm nhẹ nhàng để điều khiển\r\nTai nghe AirPods Pro 2021 được trang bị bộ cảm ứng lực Force Touch trên thân thiết bị, phần này được làm lõm nhẹ và sẽ nhận lệnh từ người dùng thông qua bộ thao tác cử chỉ đơn giản gồm:\r\n\r\nChạm 1 lần: Dừng/phát nhạc hoặc nhận cuộc gọi đến trên thiết bị kết nối.\r\nChạm 2 lần: Chuyển tới bài hát kế tiếp.\r\nChạm 3 lần: Trở lại bài hát vừa phát.\r\nChạm và giữ: Gọi trợ lý ảo Siri.\r\nChạm nhẹ nhàng để điều khiển AirPods Pro 2021', 'https://fptshop.com.vn/Uploads/images/2015/Tin-Tuc/AnhNQ/23/tai-nghe-airpods-pro-2021-7.jpg', 4999000, 1, 6),
(22, 'Xiaomi 11T 8GB - 128GB ', 'Đánh giá chi tiết Xiaomi 11T 8GB - 128GB\r\nXiaomi 11T sẽ biến mỗi khoảnh khắc thường ngày của bạn thành những thước phim điện ảnh sống động với trải nghiệm camera 108MP đỉnh cao. Hơn nữa, Xiaomi 11T còn là một cỗ máy đầy tốc độ dưới vẻ ngoài của kiệt tác thời trang.\r\n\r\nXiaomi 11T chính hãng\r\n\r\nNhiếp ảnh chuyên nghiệp với camera 108MP\r\nXiaomi 11T sở hữu phần cứng camera đáng kinh ngạc với camera chính độ phân giải lên tới 108MP, công nghệ siêu điểm ảnh 9 trong 1 mang tới điểm ảnh cực lớn 2.1um. Nhờ vậy, máy có khả năng thu sáng xuất sắc, hình ảnh rõ nét đến từng chi tiết dù là chụp ngày hay đêm. Chế độ chụp đêm 2.0 được áp dụng cho cả camera góc siêu rộng, mang đến những bức ảnh khung hình rộng tuyệt vời trong điều kiện thiếu sáng. Cuối cùng là camera Telemacro với tiêu điểm tự động 3-7cm sẽ cùng bạn khám phá những kỳ quan ở thế giới vi mô siêu nhỏ đầy thú vị.\r\n\r\ncamera Xiaomi 11T\r\n\r\nLưu giữ những khoảnh khắc đáng yêu của bạn\r\nCamera selfie trên Xiaomi 11T có độ phân giải cao 16MP, hỗ trợ tính năng selfie đêm, selfie chân dung xóa phông và cả điện thoại quay slow motion selfie chuyển động siêu chậm, sẽ lưu giữ lại những khoảnh khắc đáng nhớ của bạn. Tự tin gọi video, chụp ảnh “tự sướng”, livestream, quay video trên camera trước, bạn sẽ luôn xuất hiện đầy rạng rỡ.\r\n\r\ncamera trước Xiaomi 11T\r\n\r\nMa thuật từ những đoạn phim\r\nHệ thống camera chuyên nghiệp kết hợp cùng thuật toán AI nâng cao mang đến rất nhiều hiệu ứng khi quay video trên Xiaomi 11T, cho bạn thỏa sức sáng tạo, biến những đoạn video đời thường trở nên chất lượng như những thước phim điện ảnh. Chỉ cần một chạm để chuyển đổi các tính năng AI thông minh, phóng to hình ảnh cũng đồng nghĩa với phóng to âm thanh chủ thể đang được lấy nét, quay video trên điện thoại chưa bao giờ chuyên nghiệp đến thế.\r\n\r\nquay video Xiaomi 11T\r\n\r\nHiệu suất mạnh mẽ hàng đầu với bộ xử lý 5G mới\r\nXiaomi 11T được trang bị vi xử lý MediaTek Dimensity 1200-Ultra, chipset 5G mới nhất và mạnh mẽ nhất từ MediaTek, hỗ trợ tới 2 SIM 5G, cho tốc độ mạng 5G siêu nhanh. CPU này còn có hiệu năng vượt trội và cải thiện về hiệu quả năng lượng với tốc độ CPU tối đa lên tới 3.0GHz, nhanh hơn 22%, đồng thời tiết kiệm điện hơn 25%. Sức mạnh của chiếc Xiaomi này giúp bạn hoàn toàn yên tâm, từ các ứng dụng thông thường cho đến những tựa game nặng, máy cũng luôn đáp ứng hết sức mượt mà.\r\n\r\ncấu hình Xiaomi 11T\r\n\r\nTốc độ sạc nhanh đột phá\r\nThời lượng pin không bao giờ là vấn đề trên Xiaomi 11T, với dung lượng pin 5000mAh và điện thoại sạc nhanh với công suất lên tới 67W, điện thoại luôn tràn đầy năng lượng. Công nghệ điện cực dương làm từ nano silicon oxide thế hệ thứ 2 giúp hiệu quả sử dụng pin và sạc tốt hơn, giảm nhiệt độ khi sạc. Đồng thời thiết kế hai dòng sạc giúp tăng dòng điện đầu vào, kết hợp công nghệ MTW làm giảm đáng kể điện trở và hiện tượng quá nhiệt. Kết quả là bạn chỉ mất 36 phút để sạc hoàn toàn từ 0 lên 100% pin với Xiaomi 11T, một con số đáng kinh ngạc. Nếu có công việc gấp, chỉ cần 10 phút sạc để sử dụng điện thoại suốt cả ngày.\r\n\r\nsạc nhanh Xiaomi 11T\r\n\r\nTrải nghiệm giải trí tuyệt đỉnh trên màn hình 120Hz\r\nXiaomi 11T là cả một thế giới giải trí hàng đầu ngay trên tay bạn. Điện thoại màn hình lớn với màn hình 6,67 inch công nghệ AMOLED cao cấp có tới hơn 1 tỉ màu, độ tương phản 5.000.000:1, hỗ trợ tông màu chuẩn DCI-P3, HDR10+, hiển thị hình ảnh đẹp hoàn hảo. Hơn nữa, màn hình này còn có tốc độ làm tươi 120Hz công nghệ tự động điều chỉnh AdaptiveSync, giúp thao tác mượt mà đáng kinh ngạc. Trải nghiệm âm thanh cũng vô cùng xuất sắc với hệ thống loa kép âm thanh vòm chuẩn Dolby Atmos, cho bạn không gian giải trí thực thụ như đang ngồi trong nhà hát.\r\n\r\nmàn hình Xiaomi 11T\r\n\r\nBền bỉ và trang nhã\r\nXiaomi 11T được thiết kế theo phong cách thanh lịch và trang nhã. Từ cụm camera, logo Xiaomi cho đến cách hoàn thiện phần khung viền và mặt lưng đều được làm đẹp tinh tế, cuốn hút. Phiên bản màu Xám thiên thạch có mặt lưng dạng kim loại đánh bóng lịch lãm, trong khi đó hai phiên bản Xanh thiên hà và Trắng ánh trăng phủ một lớp chống lóa huyền ảo. Không chỉ đẹp, Xiaomi 11T còn rất bền bỉ khi được bảo vệ bằng kính cường lực Corning Gorilla Glass Victus cứng nhất hiện nay, có thể chịu lực khi rơi từ độ cao 2m và khả năng chống trầy xước vượt trội.\r\n\r\nthiết kế Xiaomi 11T', 'https://fptshop.com.vn/Uploads/images/2015/Tin-Tuc/QuanLNH2/xiaomi-11t-7.jpg', 9990000, 4, 3),
(23, 'Xiaomi 11T 8GB - 128GB ', 'Đánh giá chi tiết Xiaomi 11T 8GB - 128GB\r\nXiaomi 11T sẽ biến mỗi khoảnh khắc thường ngày của bạn thành những thước phim điện ảnh sống động với trải nghiệm camera 108MP đỉnh cao. Hơn nữa, Xiaomi 11T còn là một cỗ máy đầy tốc độ dưới vẻ ngoài của kiệt tác thời trang.\r\n\r\nXiaomi 11T chính hãng\r\n\r\nNhiếp ảnh chuyên nghiệp với camera 108MP\r\nXiaomi 11T sở hữu phần cứng camera đáng kinh ngạc với camera chính độ phân giải lên tới 108MP, công nghệ siêu điểm ảnh 9 trong 1 mang tới điểm ảnh cực lớn 2.1um. Nhờ vậy, máy có khả năng thu sáng xuất sắc, hình ảnh rõ nét đến từng chi tiết dù là chụp ngày hay đêm. Chế độ chụp đêm 2.0 được áp dụng cho cả camera góc siêu rộng, mang đến những bức ảnh khung hình rộng tuyệt vời trong điều kiện thiếu sáng. Cuối cùng là camera Telemacro với tiêu điểm tự động 3-7cm sẽ cùng bạn khám phá những kỳ quan ở thế giới vi mô siêu nhỏ đầy thú vị.\r\n\r\ncamera Xiaomi 11T\r\n\r\nLưu giữ những khoảnh khắc đáng yêu của bạn\r\nCamera selfie trên Xiaomi 11T có độ phân giải cao 16MP, hỗ trợ tính năng selfie đêm, selfie chân dung xóa phông và cả điện thoại quay slow motion selfie chuyển động siêu chậm, sẽ lưu giữ lại những khoảnh khắc đáng nhớ của bạn. Tự tin gọi video, chụp ảnh “tự sướng”, livestream, quay video trên camera trước, bạn sẽ luôn xuất hiện đầy rạng rỡ.\r\n\r\ncamera trước Xiaomi 11T\r\n\r\nMa thuật từ những đoạn phim\r\nHệ thống camera chuyên nghiệp kết hợp cùng thuật toán AI nâng cao mang đến rất nhiều hiệu ứng khi quay video trên Xiaomi 11T, cho bạn thỏa sức sáng tạo, biến những đoạn video đời thường trở nên chất lượng như những thước phim điện ảnh. Chỉ cần một chạm để chuyển đổi các tính năng AI thông minh, phóng to hình ảnh cũng đồng nghĩa với phóng to âm thanh chủ thể đang được lấy nét, quay video trên điện thoại chưa bao giờ chuyên nghiệp đến thế.\r\n\r\nquay video Xiaomi 11T\r\n\r\nHiệu suất mạnh mẽ hàng đầu với bộ xử lý 5G mới\r\nXiaomi 11T được trang bị vi xử lý MediaTek Dimensity 1200-Ultra, chipset 5G mới nhất và mạnh mẽ nhất từ MediaTek, hỗ trợ tới 2 SIM 5G, cho tốc độ mạng 5G siêu nhanh. CPU này còn có hiệu năng vượt trội và cải thiện về hiệu quả năng lượng với tốc độ CPU tối đa lên tới 3.0GHz, nhanh hơn 22%, đồng thời tiết kiệm điện hơn 25%. Sức mạnh của chiếc Xiaomi này giúp bạn hoàn toàn yên tâm, từ các ứng dụng thông thường cho đến những tựa game nặng, máy cũng luôn đáp ứng hết sức mượt mà.\r\n\r\ncấu hình Xiaomi 11T\r\n\r\nTốc độ sạc nhanh đột phá\r\nThời lượng pin không bao giờ là vấn đề trên Xiaomi 11T, với dung lượng pin 5000mAh và điện thoại sạc nhanh với công suất lên tới 67W, điện thoại luôn tràn đầy năng lượng. Công nghệ điện cực dương làm từ nano silicon oxide thế hệ thứ 2 giúp hiệu quả sử dụng pin và sạc tốt hơn, giảm nhiệt độ khi sạc. Đồng thời thiết kế hai dòng sạc giúp tăng dòng điện đầu vào, kết hợp công nghệ MTW làm giảm đáng kể điện trở và hiện tượng quá nhiệt. Kết quả là bạn chỉ mất 36 phút để sạc hoàn toàn từ 0 lên 100% pin với Xiaomi 11T, một con số đáng kinh ngạc. Nếu có công việc gấp, chỉ cần 10 phút sạc để sử dụng điện thoại suốt cả ngày.\r\n\r\nsạc nhanh Xiaomi 11T\r\n\r\nTrải nghiệm giải trí tuyệt đỉnh trên màn hình 120Hz\r\nXiaomi 11T là cả một thế giới giải trí hàng đầu ngay trên tay bạn. Điện thoại màn hình lớn với màn hình 6,67 inch công nghệ AMOLED cao cấp có tới hơn 1 tỉ màu, độ tương phản 5.000.000:1, hỗ trợ tông màu chuẩn DCI-P3, HDR10+, hiển thị hình ảnh đẹp hoàn hảo. Hơn nữa, màn hình này còn có tốc độ làm tươi 120Hz công nghệ tự động điều chỉnh AdaptiveSync, giúp thao tác mượt mà đáng kinh ngạc. Trải nghiệm âm thanh cũng vô cùng xuất sắc với hệ thống loa kép âm thanh vòm chuẩn Dolby Atmos, cho bạn không gian giải trí thực thụ như đang ngồi trong nhà hát.\r\n\r\nmàn hình Xiaomi 11T\r\n\r\nBền bỉ và trang nhã\r\nXiaomi 11T được thiết kế theo phong cách thanh lịch và trang nhã. Từ cụm camera, logo Xiaomi cho đến cách hoàn thiện phần khung viền và mặt lưng đều được làm đẹp tinh tế, cuốn hút. Phiên bản màu Xám thiên thạch có mặt lưng dạng kim loại đánh bóng lịch lãm, trong khi đó hai phiên bản Xanh thiên hà và Trắng ánh trăng phủ một lớp chống lóa huyền ảo. Không chỉ đẹp, Xiaomi 11T còn rất bền bỉ khi được bảo vệ bằng kính cường lực Corning Gorilla Glass Victus cứng nhất hiện nay, có thể chịu lực khi rơi từ độ cao 2m và khả năng chống trầy xước vượt trội.\r\n\r\nthiết kế Xiaomi 11T', 'https://fptshop.com.vn/Uploads/images/2015/Tin-Tuc/QuanLNH2/xiaomi-11t-7.jpg', 9990000, 4, 3),
(24, 'Xiaomi Redmi Note 10S 8GB-128GB', 'Đánh giá chi tiết Xiaomi Redmi Note 10S 8GB-128GB\r\nCùng Xiaomi Redmi Note 10S nắm giữ mọi khoảnh khắc với bộ tứ camera 64MP chuyên nghiệp, trải nghiệm màn hình AMOLED tuyệt đẹp và hiệu năng vốn đã thành thương hiệu của dòng Redmi. Hãy bắt đầu cuộc phiêu lưu của bạn theo cách hứng khởi nhất.\r\n\r\nXiaomi Redmi Note 10S\r\n\r\nNắm giữ khoảnh khắc, lưu lại kỷ niệm\r\nBộ tứ camera trên Redmi Note 10S luôn sẵn sàng cùng bạn ghi lại những khoảnh khắc đáng nhớ nhất. Thật dễ dàng để chụp ảnh đẹp trong mọi hoàn cảnh với sự đa năng của 4 camera. Nổi bật nhất tất nhiên là camera chính 64MP, chụp ảnh sắc nét tới từng chi tiết; tiếp đến là camera góc siêu rộng 8MP, camera đo độ sâu 2MP và camera macro 2MP. Bạn sẽ không bỏ qua bất cứ điều gì thú vị trong cuộc sống khi đồng hành cùng Xiaomi Redmi Note 10S.\r\n\r\ncamera Xiaomi Redmi Note 10S\r\n\r\nChụp đêm ảo diệu\r\nDưới bóng đêm mờ ảo, những ánh đèn lung linh và nhiều cảnh đẹp khác sẽ hiện ra. Redmi Note 10S có thể bắt trọn vẻ đẹp ấy với khả năng chụp đêm xuất sắc. Cảm biến độ phân giải cao 64MP, khẩu độ lớn f/1.79 và hỗ trợ chụp đêm camera AI thông minh giúp ánh sáng được đẩy lên ở mức tự nhiên, màu sắc chính xác, giảm thiểu độ nhiễu đồng thời không giảm chi tiết của ảnh chụp. Bạn hoàn toàn có thể tự tin tỏa sáng trong màn đêm với chiếc Xiaomi này.\r\n\r\nchụp đêm Xiaomi Redmi Note 10S\r\n\r\nThế giới giải trí tuyệt mỹ trên màn hình AMOLED sống động\r\nTận hưởng những giây phút giải trí tuyệt vời trên chiếc điện thoại màn hình lớn 6.43 inch AMOLED, nơi các nội dung hiển thị với màu sắc ấn tượng nhất. Dải màu rộng DCI-P3 cho màu sắc chính xác và chân thực, độ tương phản cao lên tới 4.500.000:1 mang đến những hình ảnh đẹp mãn nhãn. Màn hình này cũng được chế tác viền mỏng với camera trước nằm ở vị trí gọn gàng, tạo tính thẩm mỹ cao, đồng thời nâng tầm trải nghiệm xem.\r\n\r\nmàn hình Xiaomi Redmi Note 10S\r\n\r\nBảo vệ đôi mắt của bạn\r\nXiaomi Redmi Note 10S tích hợp rất nhiều tính năng để bảo vệ mắt của bạn trong suốt quá trình sử dụng điện thoại. Cảm biến ánh sáng 360 độ cực nhạy, giúp điện thoại nhanh chóng thay đổi độ sáng màn hình theo môi trường; chế độ đọc 3.0 mô phỏng các máy đọc sách hàng đầu, dành cho những người thích đọc sách trên điện thoại; bộ lọc ánh sáng xanh thông minh giúp dịu mắt hơn khi sử dụng điện thoại lâu dài. Tất cả đều hướng tới đôi mắt khỏe mạnh cho người dùng.\r\n\r\nbảo vệ mắt Xiaomi Redmi Note 10S\r\n\r\nLoa ngoài Hi-Res Audio chất lượng cao\r\nĐể mang đến những âm thanh lớn hơn và dải âm rộng hơn, Xiaomi Redmi Note 10S sử dụng hệ thống loa kép chất lượng cao Hi-Res Audio. Bạn sẽ được trực tiếp tận hưởng âm thanh lớn và sống động khi chơi game, xem phim mà không cần phải sử dụng tai nghe.\r\n\r\nloa ngoài Xiaomi Redmi Note 10S\r\n\r\nTăng cường hiệu suất\r\nTrang bị bộ vi xử lý Helio G95 với 8 nhân tốc độ cao 2.05GHz, Redmi Note 10S đủ sức mạnh để bạn trải nghiệm mọi ứng dụng. Hiệu suất chơi game cũng được tăng cường nhờ GPU thế hệ mới. Hơn nữa, Note 10S còn mang trên mình một động cơ rung tuyến tính đặc biệt, mang đến các phản hồi chân thực cho game thủ khi chơi game.\r\n\r\ncấu hình Xiaomi Redmi Note 10S\r\n\r\nTinh tế và cao cấp\r\nRedmi Note 10S là chiếc điện thoại sẽ khiến bạn yêu ngay từ cái nhìn đầu tiên nhờ những đường bo tròn tinh tế, cụm camera chế tác hiện đại và mặt lưng bóng bẩy sang trọng. Phần điện thoại có cảm biến vân tay được đặt ở cạnh bên tiện lợi, giúp người dùng thao tác mở khóa trong chớp mắt. Cảm giác cầm nắm thoải mái, nhẹ nhàng khi sử dụng và vẻ ngoài hấp dẫn giúp máy nhanh chóng chiếm được cảm tình từ phía người dùng.\r\n\r\nthiết kế Xiaomi Redmi Note 10S\r\n\r\nCông nghệ sạc nhanh 33W\r\nLà chiếc smartphone pin trâu mang trên mình viên pin dung lượng cao 5000mAh, Redmi Note 10S tự tin cung cấp cho bạn đủ năng lượng suốt cả ngày. Hơn nữa, với việc điện thoại hỗ trợ sạc siêu nhanh 33W, bạn chỉ mất 30 phút để sạc đầy 54% pin, luôn sẵn sàng cho mọi trải nghiệm.\r\n\r\nsạc nhanh Xiaomi Redmi Note 10S', 'https://images.fpt.shop/unsafe/fit-in/585x390/filters:quality(90):fill(white)/fptshop.com.vn/Uploads/Originals/2021/5/18/637569718504355303_xiaomi-note10s-xanh-1.jpg', 6490000, 4, 3);
INSERT INTO `SANPHAM` (`id`, `ten`, `mota`, `anh`, `gia`, `id_nhasanxuat`, `id_theloai`) VALUES
(25, 'Tai nghe AirPods Pro 2021', 'Đặc điểm nổi bật\r\nAirPods Pro 2021 sẽ giúp bạn cảm nhận trọn vẹn những giá trị làm nên tên tuổi của dòng tai nghe Apple như sự tinh xảo, độ nhỏ gọn và tính đa dụng thông qua hộp sạc đặc trưng. Sản phẩm sử dụng chip H1 thông minh và tăng cường chất âm thông qua Adaptive EQ. Những cải tiến hiệu quả trong phiên bản mới giúp AirPods Pro 2021 tương thích tốt với công nghệ sạc MagSafe.\r\n\r\nTai nghe AirPods Pro 2021\r\n\r\nĐỉnh cao của thiết kế in-ear\r\nRa đời để phục vụ gu thưởng thức âm nhạc của những người đòi hỏi cao về chất âm trên một chiếc tai nghe nhỏ gọn, AirPods Pro 2021 sử dụng phong cách thiết kế in-ear với đệm silicon đi sâu vào trong ống tai nhằm truyền tải rõ ràng từng tiết tấu, đồng thời tạo hiệu ứng cách âm tốt hơn.\r\n\r\nApple đã cho thấy sự chu đáo của mình khi cung cấp ba kích cỡ nút in-ear trong hộp đựng sản phẩm. Bạn có thể sử dụng tính năng Kiểm tra độ vừa vặn trên iPhone để tìm ra bộ đệm tai thoải mái nhất với bản thân.\r\n\r\nĐỉnh cao của thiết kế AirPods Pro 2021\r\n\r\nNhỏ nhắn, tinh tế và đẳng cấp\r\nAirPods Pro 2021 xây dựng kiểu theo phong cách đặc trưng của dòng AirPods với phần thân tai nghe không dây được thiết kế xuôi xuống khi đeo. Phiên bản 2021 của sản phẩm ghi nhận trọng lượng chỉ 5.4 gram cho mỗi bên tai nghe và 45.6 gram cho hộp sạc đi kèm.\r\n\r\nCầm sản phẩm trên tay, bạn sẽ cảm nhận rõ ràng sự tinh xảo, cao cấp đầy tính thẩm mỹ của mẫu tai nghe True-Wireless này. AirPods Pro ghi nhận chuẩn chống nước IPX4. Do đó, mồ hôi khi tập luyện hoặc những sự cố bất ngờ về nước sẽ chẳng thể làm ảnh hưởng đến độ bền bỉ của thiết bị.\r\n\r\nAirPods Pro 2021 Nhỏ nhắn, tinh tế và đẳng cấp\r\n\r\nTương thích với công nghệ sạc MagSafe\r\nVới cải tiến trên thế hệ mới, hộp sạc của chiếc AirPods Pro 2021 bạn đang theo dõi sẽ tương thích với các chuẩn sạc không dây trên thị trường, bao gồm cả sạc MagSafe, từ đó gia tăng tính tiện lợi và giúp bạn trải nghiệm trọn vẹn hơn sự tiện lợi của hệ sinh thái các sản phẩm Apple.\r\n\r\nSản phẩm ghi nhận tổng thời lượng pin tối đa 24 tiếng khi kết hợp cùng hộp sạc, mỗi bên tai có thể tích trữ đủ pin cho 4.5 giờ trải nghiệm liên. Khi pin yếu, AirPods Pro 2021 sẽ tự gửi thông báo đến iPhone hoặc thiết bị đang kết nối. Lúc này, bạn chỉ cần sạc 5 phút là sẽ có đủ pin cho 1 giờ nghe nhạc.\r\n\r\nAirPods Pro 2021 Tương thích với công nghệ sạc MagSafe\r\n\r\nTrải nghiệm âm thanh chuẩn Adaptive EQ\r\nBí quyết tăng cường chất âm của tai nghe AirPods Pro 2021 nằm ở công nghệ Adaptive EQ – hỗ trợ hiệu chỉnh âm thanh tự động dựa theo vòm tai và thể loại nhạc bạn nghe để đem tới chất âm tròn trịa và trọn vẹn nhất.\r\n\r\nMột micro hướng vào trong vòm tai sẽ tự động đo đạc tần số âm thanh, sau đó đưa ra những thay đổi hiệu quả nhằm đem lại trải nghiệm nghe nhạc ấn tượng. Chip H1 độc quyền của Apple sẽ đóng vai trò quan trọng trong quá trình hoạt động của Adaptive EQ, tạo nên sự khác biệt lớn về cảm nhận so với các dòng tai nghe True-Wireless trên thị trường.\r\n\r\nTrải nghiệm âm thanh AirPods Pro 2021 chuẩn Adaptive EQ\r\n\r\nChống ồn chủ động loại bỏ mọi tạp âm\r\nNgoài cơ chế ngăn chặn tạp âm thông qua các đệm tai silicon, AirPods Pro 2021 còn sử dụng công nghệ Chống Ồn Chủ Động (ANC) để ngăn không cho âm thanh từ môi trường lọt vào trong khoang tai, làm ảnh hưởng đến chất lượng đàm thoại hoặc chất âm khi đeo phụ kiện này.\r\n\r\nChìa khóa trong cơ chế chống ồn ANC của AirPods Pro 2021 nằm ở micro bố trí hướng ra ngoài, sẽ chủ động phát hiện những âm thanh nhiễu loạn từ môi trường và lập tức xử lý để đưa ra phương án triệt tiêu các tiếng ồn này trước khi ảnh hưởng tới người nghe. Việc quét tạp âm để khử ồn sẽ diễn ra liên tục ở tần suất 200 lần mỗi giây. Bạn hãy an tâm rằng trải nghiệm nghe nhạc với AirPods Pro 2021 sẽ luôn luôn trọn vẹn.\r\n\r\nChế độ xuyên âm AirPods Pro 2021\r\n\r\nChế độ xuyên âm để trò chuyện thoải mái\r\nSự góp mặt của Chế Độ Xuyên Âm sẽ giúp chủ nhân của AirPods Pro 2021 dễ dàng lắng nghe và nói chuyện với những người xung quanh mà không bị cản trở bởi chống ồn chủ động. Khi được kích hoạt, Chế Độ Xuyên Âm sẽ thông qua micro bên ngoài để truyền tải âm thanh vào trong khoang tai chỉ với một lần chạm nhẹ lên thân tai nghe. Nhờ đó, bạn sẽ không cảm thấy chút bất tiện nào.\r\n\r\nChống ồn chủ động AirPods Pro 2021\r\n\r\nTương thích tuyệt đối với sản phẩm Apple\r\nAirPods Pro 2021 ghi nhận sự tương thích tuyệt đối với các sản phẩm Apple như iPhone, iPad, máy Mac hay Apple Watch. Cơ chế điều chuyển thông minh của sản phẩm sẽ tự thay đổi thiết bị kết nối nhằm đem lại trải nghiệm sử dụng tiện lợi nhất.\r\n\r\nTrường hợp bạn đang kết nối sản phẩm với MacBook để nghe nhạc nhưng lại có cuộc gọi đến trên iPhone, AirPods Pro 2021 sẽ tự chuyển kết nối sang iPhone để bạn nhận cuộc gọi và nói chuyện thoải mái.\r\n\r\nAirPods Pro 2021 Tương thích tuyệt đối với sản phẩm Apple\r\n\r\nChạm nhẹ nhàng để điều khiển\r\nTai nghe AirPods Pro 2021 được trang bị bộ cảm ứng lực Force Touch trên thân thiết bị, phần này được làm lõm nhẹ và sẽ nhận lệnh từ người dùng thông qua bộ thao tác cử chỉ đơn giản gồm:\r\n\r\nChạm 1 lần: Dừng/phát nhạc hoặc nhận cuộc gọi đến trên thiết bị kết nối.\r\nChạm 2 lần: Chuyển tới bài hát kế tiếp.\r\nChạm 3 lần: Trở lại bài hát vừa phát.\r\nChạm và giữ: Gọi trợ lý ảo Siri.\r\nChạm nhẹ nhàng để điều khiển AirPods Pro 2021', 'https://fptshop.com.vn/Uploads/images/2015/Tin-Tuc/AnhNQ/23/tai-nghe-airpods-pro-2021-7.jpg', 4999000, 1, 6);

--
-- Đang đổ dữ liệu cho bảng `HOADON`
--

INSERT INTO `HOADON` (`id`, `id_khachhang`, `id_nhanvien`, `diachinhan`, `hotennhan`, `sodienthoainhan`, `thoigiandat`, `tongtien`, `trangthaidon`) VALUES
(1, 2, 1, 'Hai Bà Trưng, Hà Nội', 'Nguyễn Tiến Chinh', '0393912312', '2022-01-09', 27599000, 4),
(2, 2, 1, 'Hai Bà Trưng, Hà Nội', 'Nguyễn Tiến Chinh', '0393912312', '2022-01-09', 27599000, 4);

--
-- Đang đổ dữ liệu cho bảng `HOADONCHITIET`
--

INSERT INTO `HOADONCHITIET` (`id_hoadon`, `id_sanpham`, `soluong`) VALUES
(1, 6, 1),
(2, 6, 1);


INSERT INTO `DANHGIA` (`id_khachhang`, `id_hoadon`, `id_sanpham`, `hoten`, `nhanxet`, `chatluong`, `thoigian`) VALUES
(2, 1, 6, 'Nguyễn Tiến Chinh', 'Okie phết', 4, '2022-01-09'),
(2, 2, 6, 'Chinh', 'Okie đó', 5, '2022-01-09');




COMMIT;
